date,WGT_cmi_n,WGT_ehi_n,WGT_fpi_n,WGT_lhi_n,WGT_mni_n,WGT_pai_n,WGT_tti_n
1-Jan-83,966902.8228,4221302.185,2678264.837,1778977.651,4736587.276,1250693.741,4452751.746
1-Feb-83,981790.3828,4509051.118,2918904.523,1696099.132,4649333.704,1266371.081,4197514.413
1-Mar-83,1020044.772,4240333.777,2931221.721,1776632.56,4905943.68,1288934.29,4180978.208
1-Apr-83,1204420.241,4455669.104,2807309.631,1835771.879,4331346.634,1216642.142,4236676.994
1-May-83,958616.1604,4105722.568,3019526.19,1984255.202,4246558.269,1166426.091,4015657.827
1-Jun-83,1263728.863,3642191.465,2700561.917,2221017.417,4275452.807,1319585.704,3852226.454
1-Jul-83,1323563.249,3839842.862,2706566.6,2111919.43,4657671.429,1078044.671,4233960.171
1-Aug-83,1374275.451,3698412.401,2922036.633,2113159.824,4764647.321,1219452.067,4539361.822
1-Sep-83,1163987.539,4353159.774,3009929.862,1725988.901,4292247.796,1228281.681,4483807.33
1-Oct-83,1164950.392,4284904.814,2613549.484,1737124.561,4716507.921,1169166.09,3891866.122
1-Nov-83,1228405.135,4017091.988,2665950.89,1986755.579,4074129.122,1212324.697,4362172.481
1-Dec-83,1170147.297,4430826.528,2896993.648,1948135.531,4575583.522,1175413.962,4624362.38
1-Jan-84,966088.8242,4211918.65,3001922.411,1910324.281,4370563.17,1238103.475,4132181.838
1-Feb-84,975108.6711,4616722.126,2849296.344,1830811.758,4228713.555,1159669.447,4130817.705
1-Mar-84,1212666.856,4398886.582,2952759.636,1766406.88,4593500.554,1234399.333,4023242.267
1-Apr-84,1319299.161,4264265.799,2846242.323,1832000.981,4436584.987,1181942.334,4562451.799
1-May-84,1102589.379,3981777.699,2934037.246,2074793.148,4495214.229,1146281.801,4082649.582
1-Jun-84,1311726.851,3834194.214,2599581.173,2020546.57,4554479.793,1156150.707,4648622.652
1-Jul-84,1216702.679,3949527.699,2807853.257,2310452.113,4219652.759,1163971.649,4389041.825
1-Aug-84,1314736.139,3739593.071,2741247.717,1909068.2,4655174.819,1262528.971,4167788.977
1-Sep-84,1130914.003,3888425.066,2755615.669,1766373.605,4250479.517,1115336.892,4221146.61
1-Oct-84,1123046.777,4122446.737,2876954.027,1650824.52,4431636.075,1158363.045,3993050.462
1-Nov-84,1095400.312,4143524.665,2572531.807,1891274.888,4430794.979,1244849.057,4523321.491
1-Dec-84,1371992.121,3707273.679,2619757.382,2181808.645,4466155.328,1188559.632,4410175.301
1-Jan-85,1039658.719,3967803.912,2921544.12,1937790.752,5065534.082,1024109.751,4166310.19
1-Feb-85,1034817.148,4027447.053,2870446.257,1969766.89,4359727.346,1177328.189,4388454.162
1-Mar-85,1054638.583,4343775.849,3175118.964,1923029.883,4548714.12,1211104.882,4132702.828
1-Apr-85,1094571.444,4331656.673,3049281.903,1929512.104,4446127.06,1320351.771,3924973.432
1-May-85,1102610.989,4587779.253,3034328.634,1982610.449,4329516.57,1196364.69,4490257.879
1-Jun-85,1032598.483,3303941.7,2541008.816,1744160.499,3960820.481,1017522.563,3692924.428
1-Jul-85,1045876.137,3387376.132,2587053.869,1772545.741,3999368.734,1039629.017,3755984.739
1-Aug-85,1059153.79,3470810.563,2633098.922,1800930.982,4037916.987,1061735.471,3819045.05
1-Sep-85,1072431.444,3554244.995,2679143.975,1829316.224,4076465.239,1083841.924,3882105.361
1-Oct-85,1085709.098,3637679.427,2725189.028,1857701.465,4115013.492,1105948.378,3945165.673
1-Nov-85,1098986.751,3721113.858,2771234.081,1886086.707,4153561.745,1128054.832,4008225.984
1-Dec-85,1112264.405,3804548.29,2817279.134,1914471.948,4192109.998,1150161.286,4071286.295
1-Jan-86,1125542.058,3887982.721,2863324.187,1942857.19,4230658.251,1172267.739,4134346.606
1-Feb-86,1138819.712,3971417.153,2909369.24,1971242.432,4269206.504,1194374.193,4197406.917
1-Mar-86,1152097.366,4054851.585,2955414.293,1999627.673,4307754.756,1216480.647,4260467.228
1-Apr-86,1165375.019,4138286.016,3001459.346,2028012.915,4346303.009,1238587.101,4323527.539
1-May-86,1178652.673,4221720.448,3047504.399,2056398.156,4384851.262,1260693.554,4386587.85
1-Jun-86,1191930.327,4305154.88,3093549.452,2084783.398,4423399.515,1282800.008,4449648.162
1-Jul-86,1205207.98,4388589.311,3139594.505,2113168.639,4461947.768,1304906.462,4512708.473
1-Aug-86,1218485.634,4472023.743,3185639.558,2141553.881,4500496.02,1327012.916,4575768.784
1-Sep-86,1231763.287,4555458.174,3231684.611,2169939.122,4539044.273,1349119.369,4638829.095
1-Oct-86,1245040.941,4638892.606,3277729.664,2198324.364,4577592.526,1371225.823,4701889.406
1-Nov-86,1576698.12,4782214.296,3516379.003,1975054.826,4492032.656,1413286.493,4832079.248
1-Dec-86,1223244.052,4297295.743,3523258.987,2376752.012,4544991.489,1376163.149,4506715.826
1-Jan-87,1079955.207,4374019.031,3056684.546,2039440.018,4925002.652,1312375.413,4304858.591
1-Feb-87,1295181.159,4533567.566,3381835.375,2165614.912,4418844.971,1474924.965,4524151.589
1-Mar-87,1230742.967,4561949.082,3323453.569,2105078.967,4590969.794,1346212.275,4511462.631
1-Apr-87,1298152.833,4284089.334,3199638.552,2141936.989,4892365.396,1406950.871,4682852.199
1-May-87,1146692.982,4494635.472,3228727.536,2288233.787,4541718.336,1395229.241,4649439.301
1-Jun-87,1349588.801,4212656.167,3153264.695,2326064.096,4787405.212,1175542.876,5108281.248
1-Jul-87,1612200.987,4221375.074,3284142.828,2517078.69,4442115.023,1351277.83,4644824.407
1-Aug-87,1333932.638,4215883.418,3280756.004,2397565.064,4825247.388,1471678.498,4600722.49
1-Sep-87,1405969.549,4479556.479,3266831.18,2169884.93,4825298.774,1156744.52,4527786.237
1-Oct-87,1330925.332,4367246.309,3411897.323,2170924.951,4735928.316,1276462.696,4613378.159
1-Nov-87,1429225.769,4559755.418,3467108.789,2315384.301,4748452.13,1484706.845,4802635.47
1-Dec-87,1167455.989,4640606.034,3282339.509,2006432.791,4842143.939,1275355.119,4431152.662
1-Jan-88,1267518.692,4538288.998,3277499.847,1994384.447,4116536.239,1240751.158,4682310.541
1-Feb-88,1200091.459,4816054.163,3440213.519,2154759.345,4244220.183,1059175.489,4526140.137
1-Mar-88,1167978.972,4808288.585,3099766.177,2046621.411,4270339.71,1286334.95,4986283.458
1-Apr-88,1267685.887,4579518.506,3347395.884,2251664.293,4660337.113,1186191.784,4762453.528
1-May-88,1343589.769,4508552.71,3124272.504,2091490.562,4432839.465,1423309.721,4272318.167
1-Jun-88,1259829.738,3846466.032,3031561.643,2043028.982,4245615.624,1445163.822,4534780.274
1-Jul-88,1287813.698,3772273.07,3122933.281,2411839.469,4462954.727,1270770.328,4900470.115
1-Aug-88,1540509.055,3779851.021,3521380.772,1972691.002,4217577.067,1368539.972,4860833.621
1-Sep-88,1128395.256,4088880.922,3107662.424,1951336.714,4568057.205,1258464.972,4637396.94
1-Oct-88,1233115.261,4521869.61,3018551.385,2289343.414,4260214.234,1556253.479,4225933.419
1-Nov-88,1285204.728,4430527.873,3527412.592,2114325.335,4284072.917,1424183.988,4264010.535
1-Dec-88,1310108.174,4688570.1,3127672.04,2240619.802,4495484.856,1498567.029,4560677.318
1-Jan-89,1231265.597,4660135.539,3316994.997,2080099.729,4537121.348,1412730.429,4607295.213
1-Feb-89,971711.6189,4441825.408,3207364.382,2356081.53,4157369.783,1461009.473,4753776.25
1-Mar-89,1175801.684,4807354.11,3186565.014,1873329.377,4643154.41,1619687.861,4602325.026
1-Apr-89,1266314.78,4745997.637,3720035.009,2090287.618,4336513.846,1252394.884,4823942.676
1-May-89,1316184.671,4363028.975,3156948.184,1832743.605,4482211.614,1336026.298,4066680.907
1-Jun-89,1377609.609,3949601.135,3570054.668,1984563.944,4263456.457,1312353.093,4479428.472
1-Jul-89,1258749.192,4422113.989,3404602.782,2273817.707,4357478.927,1321757.331,4834915.581
1-Aug-89,1334744.104,4097794.244,3154237.383,2191440.118,4114761.214,1214405.826,4818724.343
1-Sep-89,1196068.563,4232811.952,3475675.613,1957387.285,4070666.674,1142462.601,4590100.623
1-Oct-89,1222730.95,4769648.955,3090873.657,1967915.801,4500097.865,1296354.809,4627481.635
1-Nov-89,1068674.41,4459501.198,3013999.513,1739113.248,3984812.459,1340566.645,3851218.32
1-Dec-89,1265617.212,4142616.989,3237992.112,2060947.465,4161623.339,1202952.375,4340869.164
1-Jan-90,1039456.627,4649761.184,3107493.055,1886202.637,4246879.932,1331941.226,4464358.561
1-Feb-90,1102638.611,4654853.196,2904890.502,2058639.351,4371101.693,1261934.65,4319126.974
1-Mar-90,999175.5466,4773435.764,3453263.119,2250438.576,4450374.019,1335807.016,4339255.245
1-Apr-90,1360868.271,4384981.998,3172697.314,2160701.776,4227226.329,1615607.421,4770187.371
1-May-90,1385662.821,4503997.922,3166222.574,1891566.978,4164869.112,1368175.219,4791757.809
1-Jun-90,1335039.882,3996042.025,3342763.021,2156925.816,4404068.742,1135402.806,4275531.692
1-Jul-90,1486384.557,4480094.782,3785222.16,2395966.134,4391361.3,1424602.458,4841144.875
1-Aug-90,1348940.122,4226952.915,3492171.47,2579323.839,4494241.57,1246026.099,4618367.684
1-Sep-90,1471675.832,4543539.516,3185062.793,2319701.5,4389896.867,1244011.805,4621050.911
1-Oct-90,1192982.531,4509542.852,3617184.866,2236621.029,4222115.542,1403193.917,4771398.012
1-Nov-90,1341121.286,5000453.298,3385701.859,1660555.231,4262289.815,1496813.419,4256680.849
1-Dec-90,1307584.039,4939073.619,3386585.638,2364141.768,4499601.595,1223662.829,4526033.047
1-Jan-91,1113883.962,4776877.063,3448552.612,2195801.591,4452285.326,1695493.27,4773371.298
1-Feb-91,1191902.156,5080517.508,3642944.588,2035795.139,4431325.99,1590650.883,5025497.857
1-Mar-91,1151595.973,5084232.631,3498293.262,2285973.324,4465749.069,1451914.247,5000659.93
1-Apr-91,1192587.379,4921933.486,3451623.804,2269267.947,4152501.537,1195406.738,4787635.967
1-May-91,1145108.91,5172070.993,3773663.456,2237817.493,4301249.751,1593977.163,4786528.915
1-Jun-91,1427626.76,4332804.486,3476635.232,2346455.107,4626613.905,1354825.539,4548196.986
1-Jul-91,1297871.729,4851998.358,3418197.983,2465737.097,4406941.276,1455037.212,5101492.685
1-Aug-91,1312759.27,4289192.435,3482184.195,2557655.911,4332230.171,1336685.569,4549678.891
1-Sep-91,1405654.239,4556612.918,3636206.031,2038710.622,4462679.84,1475082.792,4683650.821
1-Oct-91,1059045.812,5016116.739,3260858.561,2264573.24,4660062.533,1638402.249,4822607.304
1-Nov-91,1273716.092,4914791.588,3181772.456,2177576.856,4372913.818,1368261.039,4803774.584
1-Dec-91,1193735.408,5304057.579,3916001.838,2399484.032,4296612.96,1283226.101,5143455.545
1-Jan-92,1109071.898,5216459.814,4011597.216,1989229.359,4051667.452,1475415.43,4982949.415
1-Feb-92,1041162.632,5192693.376,3722852.145,2369108.697,4452798.995,1408892.035,4791668.826
1-Mar-92,973429.4119,5297807.384,3724803.363,2006535.673,4477121.957,1467102.032,4760205.863
1-Apr-92,1211293.997,4800285.007,3972290.436,2242716.553,4386846.062,1424236.877,4568446.76
1-May-92,1380461.543,4926215.426,3390786.481,2383769.173,4732741.727,1262398.685,5068499.748
1-Jun-92,1297321.659,4577727.81,3608811.543,2433725.881,4171238.724,1541261.359,4679092.558
1-Jul-92,1446351.712,4489239.333,3671535.269,2478598.822,4678478.589,1378829.105,4962488.21
1-Aug-92,1321815.822,3977337.421,3358380.586,2278437.275,4035572.631,1353756.949,4468550.712
1-Sep-92,1041208.069,5138978.317,3559674.37,2186479.731,4257093.583,1444302.427,4621175.746
1-Oct-92,1185913.706,4870601.95,3864618.52,1835372.793,4230887.758,1492019.72,4526555.77
1-Nov-92,1161450.423,4941677.383,3410808.948,2105678.224,4512170.589,1553112.222,4928882.596
1-Dec-92,1102868.561,4982062.197,3362851.814,2389211.936,4533127.812,1563505.709,4963457.346
1-Jan-93,1139237.446,5104782.474,3409259.934,2052035.344,4103551.661,1439306.189,4901492.578
1-Feb-93,1153851.794,4996043.2,3712574.116,2462043.949,4353721.306,1440945.524,4875911.959
1-Mar-93,917047.9596,5174375.834,3665623.183,2451533.131,4334002.963,1519167.178,4722470.346
1-Apr-93,1379065.71,4915756.135,3737715.145,2231927.395,4253280.017,1364090.379,4631663.91
1-May-93,1264777.496,4950977.997,3239824.381,2379542.583,4117752.925,1280544.022,5084111.796
1-Jun-93,1362062.349,5111431.667,3535758.716,2344409.038,4534626.561,1393618.402,5180310.89
1-Jul-93,1201979.388,4189462.105,3820248.944,2548871.725,4425079.913,1489950.386,5039859.706
1-Aug-93,1187759.341,4701052.837,3693903.941,2518057.208,4542992.326,1798302.369,5354381.881
1-Sep-93,1203666.831,5010607.708,3582265.074,2199531.772,4153468.108,1352513.79,4798648.145
1-Oct-93,1174140.422,5437598.406,3388274.43,2321699.875,4422860.243,1421047.362,4712663.844
1-Nov-93,1151738.646,5323671.071,3683500.705,2312120.208,4296639.84,1443831.184,5217293.08
1-Dec-93,1202612.228,5188276.356,3808686.395,2244996.536,4291285.823,1522255.429,5000324.487
1-Jan-94,1264776.741,5829528.27,4328661.909,2420623.367,4704150.245,1624036.469,5565943.823
1-Feb-94,1097630.588,5773091.715,3898481.022,2491742.192,4536289.108,1849552.157,5474712.85
1-Mar-94,1097595.802,6449766.2,3975874.476,2392960.741,4711188.422,1830151.795,5712602.927
1-Apr-94,1141976.722,5952241.335,4377665.47,2474132.635,4523108.423,1723325.587,5649294.453
1-May-94,1209389.316,5368096.848,4033378.766,2533669.874,4766952.973,1793324.159,5650998.953
1-Jun-94,1383915.029,5360592.076,4058812.769,2989899.983,4970385.91,1856678.26,5889886.809
1-Jul-94,1570498.011,5480749.186,4605537.481,2728869.204,5006329.318,1757022.699,5870729.661
1-Aug-94,1773052.419,5276975.2,4348601.102,2809931.174,4843136.72,1579004.688,5353313.452
1-Sep-94,1489860.373,5972032.152,4638498.923,2762695.225,4670209.372,1562768.87,5893336.974
1-Oct-94,1452370.38,5860512.928,3978441.132,2384380.548,4715088.138,1740067.001,5420362.433
1-Nov-94,1381742.98,5417765.344,3996984.993,2078822.678,4329820.082,1502752.01,4996307.357
1-Dec-94,1309243.275,5632305.97,4481394.502,2383259.105,4439383.113,1606484.241,5098514.643
1-Jan-95,1443109.036,6674900.629,4210360.747,2776705.005,5527985.35,1933290.106,6265197.714
1-Feb-95,1587821.286,6429115.993,5208944.328,3249671.461,5186850.68,1921071.161,5979333.022
1-Mar-95,1176502.866,6744593.994,5233445.501,2709538.888,5268174.52,2013689.483,6183810.848
1-Apr-95,1539779.678,6396365.635,5286341.59,2777043.025,5015584.19,2008240.357,6218600.515
1-May-95,1542965.403,6694596.33,5394367.949,3029541.607,5102261.208,1836306.09,6184822.4
1-Jun-95,1531639.09,6593426.165,5280550.359,2985637.648,5053994.309,1800103.859,6092311.674
1-Jul-95,1520312.777,6492256,5166732.769,2941733.688,5005727.41,1763901.629,5999800.949
1-Aug-95,1508986.464,6391085.835,5052915.18,2897829.729,4957460.51,1727699.398,5907290.223
1-Sep-95,1497660.151,6289915.67,4939097.59,2853925.77,4909193.611,1691497.167,5814779.497
1-Oct-95,1486333.838,6188745.504,4825280,2810021.81,4860926.712,1655294.936,5722268.772
1-Nov-95,1475007.525,6087575.339,4711462.41,2766117.851,4812659.813,1619092.706,5629758.046
1-Dec-95,1463681.212,5986405.174,4597644.82,2722213.891,4764392.913,1582890.475,5537247.32
1-Jan-96,1452354.899,5885235.009,4483827.231,2678309.932,4716126.014,1546688.244,5444736.595
1-Feb-96,1441028.586,5784064.844,4370009.641,2634405.973,4667859.115,1510486.013,5352225.869
1-Mar-96,1429702.273,5682894.679,4256192.051,2590502.013,4619592.216,1474283.783,5259715.143
1-Apr-96,1418375.96,5581724.514,4142374.461,2546598.054,4571325.316,1438081.552,5167204.417
1-May-96,1407049.647,5480554.349,4028556.871,2502694.095,4523058.417,1401879.321,5074693.692
1-Jun-96,1395723.334,5379384.183,3914739.281,2458790.135,4474791.518,1365677.09,4982182.966
1-Jul-96,1384397.021,5278214.018,3800921.692,2414886.176,4426524.619,1329474.86,4889672.24
1-Aug-96,1373070.708,5177043.853,3687104.102,2370982.216,4378257.719,1293272.629,4797161.515
1-Sep-96,1361744.395,5075873.688,3573286.512,2327078.257,4329990.82,1257070.398,4704650.789
1-Oct-96,1337038.654,5217327.756,3648542.884,2119701.33,4242335.471,1161842.042,4774182.622
1-Nov-96,1348454.747,5283852.535,3421801.95,2158644.704,4118384.186,1400409.452,4698038.531
1-Dec-96,1195967.78,5175211.488,3509143.757,2422273.091,4178930.661,967583.134,5082730.373
1-Jan-97,925943.7553,5241153.396,3626562.296,2300660.579,4278675.151,1444353.019,4496743.49
1-Feb-97,1048747.686,5532727.496,3788056.883,2206525.056,3709733.497,1415832.474,4751140.71
1-Mar-97,1181633.224,5172528.797,3480975.824,2241257.924,4891408.827,1158348.985,4852852.38
1-Apr-97,1258872.31,5133247.983,3619753.043,1970753.62,3863190.026,1249379.932,4282352.36
1-May-97,1315195.124,5697930.955,3613359.966,2428676.703,3961681.429,1082502.734,4785284.428
1-Jun-97,1196817.8,4914249.419,3719564.435,2337549.418,4169861.374,1157175.959,4495477.964
1-Jul-97,1256450.392,5049726.761,3840793.232,2842328.004,4411790.505,1363012.135,5240944.247
1-Aug-97,1316629.198,5214142.745,3847594.176,2575587.77,4210229.678,1295225.214,5236821.515
1-Sep-97,1214236.103,5270479.942,4291357.786,2252115.316,4085838.729,1547048.326,4486826.275
1-Oct-97,1259137.1,5496375.84,3894608.892,2028288.894,3538975.028,1370653.635,5065307.415
1-Nov-97,1470695.782,5059377.045,3656950.804,2370005.413,4174952.073,1327629.384,4417621.438
1-Dec-97,1004867.26,5733734.753,3864774.438,2187720.84,3734455.047,1251615.967,5373854.489
1-Jan-98,1220403.687,5561410.082,3600131.396,2541811.929,4351545.47,1451399.292,4758586.131
1-Feb-98,1238119.622,5963714.285,4065439.58,2369202.593,4543010.744,1465834.37,4924448.965
1-Mar-98,1099214.623,5728606.271,3860659.455,2227534.421,4400434.613,1296945.802,4727078.491
1-Apr-98,1007531.877,5519904.951,3817364.664,2517926.697,4125160.954,1348360.877,4720726.301
1-May-98,1371032.91,4632233.583,3847296.01,2184087.598,3943480.897,1190006.368,4938688.354
1-Jun-98,1357554.756,4719330.978,3647477.724,2618622.066,3768802.831,1351680.419,4909452.577
1-Jul-98,1428836.204,4476847.207,3764843.681,2106266.355,3971644.947,1231062.636,4893255.418
1-Aug-98,1315619.115,5027390.878,3926853.69,2408303.427,4470633.729,1412582.948,4753665.69
1-Sep-98,1351049.9,5306684.369,3373429.495,2660757.377,4153066.217,1243644.003,4575558.069
1-Oct-98,1125923.987,5126774.532,4138176.716,2195878.058,4548951.383,1296902.537,4499106.678
1-Nov-98,1186281.279,5358101.299,3617959.782,2270639.066,4174700.518,1239060.882,5103650.405
1-Dec-98,1110518.163,4920474.001,3463136.947,2198920.991,3793671.855,1070872.029,4452277.069
1-Jan-99,1058745.387,4976024.763,3709737.194,2128909.971,4043333.805,1250494.57,4630118.281
1-Feb-99,1119455.934,5535511.459,3917590.827,2261202.701,3543131.268,1460663.484,4341004.949
1-Mar-99,1119361.011,5152050.494,4179465.396,2327085.638,3872854.396,1359757.154,4902225.878
1-Apr-99,1087168.871,5000707.219,3914516.667,2289964.887,3702354.466,1229903.754,4772250.32
1-May-99,1375375.233,5021144.372,4006082.07,1991530.893,3775866.37,1115689.221,4567739.228
1-Jun-99,1264399.22,4697585.267,4206868.049,2439139.689,3719942.254,1282071.869,4867414.075
1-Jul-99,1102113.198,5049461.177,3922611.371,2526148.781,3694973.12,954260.1887,4501809.243
1-Aug-99,1308158.756,4523076.152,3915992.203,2160679.401,3416296.188,1031456.387,4970146.722
1-Sep-99,1348663.883,5434399.019,3587082.904,2204099.387,3597484.006,1342675.904,4463342.532
1-Oct-99,1288924.459,5430038.896,3823561.946,2241081.839,3563278.304,1153946.775,4630179.444
1-Nov-99,1466427.144,5198319.32,3612756.374,2076612.661,3623743.645,1352615.894,4866579.958
1-Dec-99,1260431.934,5651736.868,4039417.018,2384432.309,3576551.024,1293551.537,4976333.422
1-Jan-00,1235993.402,4850060.299,3735852.308,2197460.092,3531620.908,1300606.79,4330541.244
1-Feb-00,1087481.857,5598025.216,3680758.833,1991449.746,3208679.698,1115254.72,4647775.626
1-Mar-00,1014029.017,5778451.806,3938951.867,2071808.099,4053678.574,1327704.599,4828245.442
1-Apr-00,1117030.236,5076436.748,3763567.299,1982868.955,3656959.061,1350323.817,4747014.61
1-May-00,1067430.817,4603994.069,3577360.85,2105857.271,3805193.381,1066367.374,4433848.639
1-Jun-00,1197605.571,4744024.616,3847368.637,1861480.875,3020393.994,1148921.676,4055584.242
1-Jul-00,1273210.391,4666922.267,3921847.771,2563905.447,3244602.951,1099731.032,4343231.972
1-Aug-00,1264895.351,4182458.757,3978801.209,2300434.635,3322056.273,1156246.043,3923727.397
1-Sep-00,1145210.085,4779845.341,3864287.334,1859062.408,2984283.845,1378107.436,4672433.712
1-Oct-00,1131000.296,4613824.409,3802293.817,1944553.024,3112473.283,1133811.214,4763145.173
1-Nov-00,1193378.692,4860253.684,3799394.664,1866624.5,3308806.699,1060107.223,3988055.519
1-Dec-00,1327426.386,5133087.932,3657995.102,2367974.518,3253147.054,1231449.685,4620942.849
1-Jan-01,1138705.209,5256156.694,4185264.805,2079926.212,3732090.896,1248051.134,4762175.027
1-Feb-01,1228188.993,5279464.315,3801299.06,2167548.392,3456880.509,1410387.045,4887323.253
1-Mar-01,1316698.94,5327788.059,4196618.32,2404702.117,3961438.479,1507959.511,5060237.51
1-Apr-01,953925.1642,5096717.333,3342987.534,2225257.966,3556761.296,1073955.062,4070219.845
1-May-01,1073381.277,4953859.066,3464340.262,1879942.489,3350948.392,1251256.235,4719361.94
1-Jun-01,1294633.253,4568021.186,3486504.002,1945538.945,3257809.744,1048670.804,3895495.543
1-Jul-01,1197790.114,3666488.077,2846086.203,1945933.413,2474679.84,937363.3237,3463750.323
1-Aug-01,1152411.459,4123878.46,2832687.999,1856737.138,2647832.908,831619.1984,3772853.573
1-Sep-01,978158.4513,4125325.393,3210607.062,1887016.485,2382345.121,953991.6226,3592027.613
1-Oct-01,1166167.11,4001603.708,2735189.333,1777927.189,2398737.564,957162.3216,3661304.627
1-Nov-01,1274453.039,4249126.515,2967727.189,1971988.722,2320518.454,943503.7802,3483588.617
1-Dec-01,1005389.683,4333032.116,2977726.163,1949529.578,2975248.862,1080109.616,3581523.038
1-Jan-02,897615.9843,4059225.512,3438707.26,1908424.435,2531805.558,844453.5213,3713454.318
1-Feb-02,1116753.188,4739914.964,3474090.958,2127265.079,2819798.348,1138486.784,4261478.743
1-Mar-02,1011201.029,5088151.176,3521768.964,1836644.423,3194689.458,1180276.768,3609062.195
1-Apr-02,1023529.309,3949285.455,3504914.263,1762688.57,2594928.775,804445.6596,3332389.345
1-May-02,1120219.664,3836868.436,3221106.228,1546974.748,2571566.217,1093652.544,3398525.893
1-Jun-02,1006680.202,3834287.497,2782122.891,1703597.771,2247671.719,895184.2,3723293.929
1-Jul-02,1423436.184,4151076.399,3564651.273,2406139.978,2959661.292,1203326.998,4153071.58
1-Aug-02,1130899.482,4674259.353,3781270.258,2256016.867,3009789.027,1099912.697,4094928.389
1-Sep-02,1135260.422,4821116.21,3328411.586,1791362.837,2758811.424,945475.0821,4068519.479
1-Oct-02,1434127.316,5204083.979,3176975.154,2134873.409,2712490.76,1060505.731,4134311.305
1-Nov-02,1072733.163,4696596.617,3690911.105,1857379.565,2635587.357,1218976.808,4143854.374
1-Dec-02,1104328.145,5260633.368,3563073.005,2180258.743,2730662.974,1006287.822,4058490.397
1-Jan-03,1125608.714,4994209.063,3245265.432,2039788.664,3334723.49,1067204.793,3802615.585
1-Feb-03,1404310.037,5403039.118,3818370.399,2186104.475,3052621.356,1745743.192,4346913.976
1-Mar-03,1119005.095,5480353.256,3731885.148,2317656.945,3242671.036,1130517.607,4251820.784
1-Apr-03,1279171.058,4992435.118,3434813.019,2247622.106,3474128.281,1088224.509,4105694.291
1-May-03,944455.6337,5210544.669,3499966.826,1947988.292,2635872.797,1156589.043,4078973.822
1-Jun-03,1340500.206,4366714.663,3319489.376,2229226.946,3039283.33,990984.5587,4033964.954
1-Jul-03,1276255.892,4529777.173,3605035.859,2531057.148,2926007.531,1250304.844,3656110.561
1-Aug-03,1212609.244,4540233.681,3610494.55,2191876.964,2782361.694,1342472.71,3906218.48
1-Sep-03,1229079.214,4715927.458,3320892.786,1937574.499,2798612.551,1085707.95,4117398.317
1-Oct-03,1006324.547,4794413.359,3287948.315,2106207.127,2835855.015,1077838.958,3881203.184
1-Nov-03,1256863.544,4919588.201,3347644.914,1832772.878,2881581.358,917724.1901,3747829.608
1-Dec-03,1240066.402,5122567.202,3360204.276,1653070.918,2977757.068,1121041.244,3630764.298
1-Jan-04,1220080.226,5030536.648,3445222.127,2271729.664,3066978.245,1069550.397,4003299.554
1-Feb-04,1248051.383,5517166.822,4320057.621,2124638.685,3683893.487,1053389.221,4632193.686
1-Mar-04,1188543.079,5617769.362,4002108.145,2131602.979,3092562.969,1193967.519,3979940.343
1-Apr-04,1089547.431,4552821.519,3476238.693,2039096.044,2697260.781,1186494.239,3990107.078
1-May-04,1041111.636,4589625.483,3106326.677,2127820.442,2992408.15,1063163.773,3873603.23
1-Jun-04,1097568.077,4837360.955,3099774.124,2263286.865,2897800.947,921411.7904,3845383.234
1-Jul-04,1432028.3,4643986.803,3399387.374,2038686.454,2907264.913,1066060.759,3948761.835
1-Aug-04,1322236.777,4441291.808,3469392.325,1658075.232,2803704.33,1189227.224,3672881.933
1-Sep-04,1017891.376,4456701.54,3215920.298,1781399.697,2641147.036,928847.1542,3604296.659
1-Oct-04,1157173.209,4320986.448,3056226.033,2130074.787,3230888.874,1135323.908,3621117.603
1-Nov-04,1090650.23,3906390.531,3058263.948,1729160.395,2277733.98,966454.3738,3374526.693
1-Dec-04,1087730.997,3801197.284,2963807.418,1730768.596,1958350.06,885170.2822,3434362.871
1-Jan-05,943893.4604,4146973.845,2589620.961,1813893.522,2140297.195,938964.2499,3545448.351
1-Feb-05,1084288.756,4731094.163,3262504.487,1690418.462,2590374.799,965386.079,3963703.122
1-Mar-05,1424478.716,5120606.916,3349243.75,1924763.435,2629030.108,1133681.18,3631908.809
1-Apr-05,1016533.508,4281182.931,3229013.536,1702945.763,2176151.261,1233250.223,3479410.107
1-May-05,1184311.712,4110864.21,3008314.299,1779720.635,2328338.745,952903.7086,3397858.316
1-Jun-05,1092506.107,4375792.718,3272240.587,1825209.698,2275160.755,896615.7514,3126209.58
1-Jul-05,1281007.86,3796581.333,3150040.744,2077439.927,2301736.656,1144720.272,3584242.862
1-Aug-05,1075170.878,4062364.605,3502266.876,2228389.114,2267832.975,1127422.397,3790884.791
1-Sep-05,1071634.3,4272963.424,3016143.625,1512004.666,2339018.491,838017.402,3393860.933
1-Oct-05,853673.3763,4344054.202,3360283.019,2151725.551,1946182.411,1120987.804,3695012.93
1-Nov-05,1379315.107,4729822.374,3674989.467,2035816.802,2898112.675,1185534.507,4453118.873
1-Dec-05,1166133.973,5416467.98,3628660.886,2114554.229,2735552.153,1039202.971,3741526.318
1-Jan-06,1017202.562,5149952.468,3682094.731,2176665.376,3003021.648,1432396.379,4537078.687
1-Feb-06,1501979.866,5868546.331,4070145.812,2121334.143,2901826.13,1443228.478,4338098.593
1-Mar-06,1468119.491,5617425.792,4358701.041,2305289.678,3021776.684,1464501.8,3868571.264
1-Apr-06,1174244.978,4887121.694,3565332.362,1891166.787,3056992.162,1109942.176,3896477.969
1-May-06,1291997.615,4825386.638,3419268.657,1969471.329,2363291.502,1219708.96,4094616.253
1-Jun-06,1267711.757,4567250.211,3324828.057,2184945.103,2748442.432,1119174.613,3628903.991
1-Jul-06,1316065.527,4750270.203,3701094.76,2585698.99,2729517.574,1165941.957,4492780.371
1-Aug-06,1329815.681,5010741.809,3497819.873,2318316.351,3008088.637,1069386.416,3993343.939
1-Sep-06,1327494.505,5359314.644,3843237.62,2344683.581,2693129.942,1075100.508,3849583.401
1-Oct-06,1245052.618,5406384.656,3460439.893,1996575.003,2715081.096,981494.2714,3748637.05
1-Nov-06,1395100.429,5156158.261,3531755.811,2060211.293,2359573.089,1078410.795,4555432.494
1-Dec-06,1333942.708,5408577.909,3418910.314,1886602.086,2997520.212,1107212.35,3976638.448
1-Jan-07,1503544.073,5302545.459,4181782.817,2283976.979,2669894.557,1103155.307,4193145.132
1-Feb-07,1363838.896,5764865.723,4002097.62,2437084.59,2828960.474,1457928.738,4456611.631
1-Mar-07,1315576.477,5807816.193,4059193.627,2345930.569,3220204.482,1350268.528,4378024.644
1-Apr-07,1403289.638,5289057.231,3573493.341,1815595.667,3053439.047,1258371.028,3851451.77
1-May-07,1253330.063,5055786.213,4217412.025,2277904.164,2947686.07,1355108.034,3799535.156
1-Jun-07,1419092.001,4941542.269,3599144.981,2111496.904,2764887.894,1409679.831,4170094.953
1-Jul-07,1278115.37,4681641.238,3961935.463,2140966.508,2502453.818,1106048.962,4397278.464
1-Aug-07,1103146.45,5099008.413,3885065.526,2268837.401,3055012.934,1163257.298,3740815.06
1-Sep-07,1371431.239,4732418.941,3475481.967,2125656.629,2494854.799,1008623.944,4204136.196
1-Oct-07,1102861.373,4835703.969,3849719.412,2187859.003,2757817.181,1212684.659,3979647.619
1-Nov-07,1433274.951,5260067.132,3548876.585,2008451.353,2637771.349,1007116.287,3811870.696
1-Dec-07,1397106.465,4909804.949,3983715.912,2151355.24,2746197.019,1085750.625,3689806.497
1-Jan-08,1466492.939,5467656.092,3665573.953,2474288.873,2955820.487,1457424.938,4195354.725
1-Feb-08,1346737.388,5849701.757,4159125.34,2418396.856,2944581.958,1364708.728,4606531.825
1-Mar-08,1446406.263,5648045.303,4180849.249,2366302.353,3148739.144,1371502.332,4220179.908
1-Apr-08,1385612.169,5660363.532,3964966.752,2169665.659,2851525.013,1200653.101,4301935.268
1-May-08,1154890.86,5429120.193,3433264.832,2679977.125,3199521.512,1340115.593,4067827.276
1-Jun-08,1306600.993,5513646.79,3844553.15,2355938.246,3047992.271,1477483.213,4246841.169
1-Jul-08,1278551.021,5074143.22,3997007.318,2418297.009,2897459.848,1239053.001,4286736.183
1-Aug-08,1443318.44,5003965.401,3837663.477,2399052.722,2837454.961,1090998.501,4082603.023
1-Sep-08,1178141.673,5632871.505,3504403.582,2293369.976,2925047.605,988941.4848,3852966.596
1-Oct-08,1550060.24,5318283.61,3625150.403,2013553.897,2533753.365,1366757.965,3906329.107
1-Nov-08,1360028.405,5497306.746,3593438.388,1998042.655,2499051.783,1216180.571,4015019.586
1-Dec-08,1616526.466,5699805.105,3515140.722,2220568.099,2809537.404,1261244.505,3915133.142
1-Jan-09,1165369.788,5566374.813,4013763.875,2251766.393,2634668.858,1089543.602,4301431.498
1-Feb-09,1377840.807,5965224.355,4130351.777,2706401.527,2953720.232,1218200.197,4500495.346
1-Mar-09,1277314.763,6165293.654,4152539.346,2477456.489,2681646.097,1208134.926,4934349.912
1-Apr-09,1013886.959,5841677.058,3641970.029,2400865.833,2335457.507,1461624.008,3876508.418
1-May-09,989530.6981,5557597.429,4149176.944,2160998.409,2524965.997,1230964.695,3903525.638
1-Jun-09,1237561.797,5700074.553,3799002.15,2598774.219,2817731.172,1327835.693,4030759.233
1-Jul-09,1140080.058,5757685.732,3635036.26,2440114.422,2647886.177,1137922.259,4179790.943
1-Aug-09,1406871.604,5354904.942,3975239.008,2441012.478,2737752.503,1159763.685,4193014.575
1-Sep-09,1065261.78,5263297.265,3464596.241,2170543.507,2590677.141,995969.7932,3688377.367
1-Oct-09,1094182.104,5534925.231,3482408.236,2316090.54,2699746.847,1198352.406,3669084.262
1-Nov-09,978154.8129,5970135.155,3815231.817,1969549.593,2509118.302,1269361.823,3694680.881
1-Dec-09,987438.699,5171665.265,3285663.863,1891997.09,2583738.224,1208612.446,3810048.092
1-Jan-10,915061.1122,5690182.834,3755915.433,2354705.458,2279903.785,1295160.299,3759459.343
1-Feb-10,1126505.417,5678817.708,4111473.89,2358201.836,2530161.66,1045880.358,4035777.67
1-Mar-10,1303116.63,6049249.32,4091368.865,2521509.117,2462740.255,1230106.793,4637540.603
1-Apr-10,1000146.138,6493241.205,3898898.931,2385612.663,2513517.562,1587355.365,4416713.898
1-May-10,1104156.803,5487774.895,3740475.827,2359556.616,2663175.771,1366215.21,3615053.109
1-Jun-10,1071250.85,5429975.923,3312513.505,2279575.191,2489067.104,1270924.166,4076444.353
1-Jul-10,1241859.406,5598502.193,3809799.493,2345589.421,2407001.883,967459.2481,4242766.981
1-Aug-10,940538.3989,5220633.902,3468101.125,2817974.044,2615049.004,1283400.462,4084906.183
1-Sep-10,1033565.543,5161257.507,3334219.732,2155544.378,2424539.012,1230192.608,3908278.92
1-Oct-10,1070735.229,5239683.166,3152693.282,2487692.992,2317045.925,1088572.422,3604397.348
1-Nov-10,980335.6627,5271793.95,3337638.062,2658872.891,2364925.967,1260318.49,3938416.95
1-Dec-10,980683.3672,5601675.953,3299398.044,2234191.072,1822315.154,1033648.075,3862696.374
1-Jan-11,1130008.508,5689254.03,3714448.306,2211131.672,2523916.473,1112166.712,3564091.474
1-Feb-11,1136235.279,6183357.959,4075186.107,2509977.379,2937937.859,1305495.978,4511746.194
1-Mar-11,1056809.523,6254972.777,4062198.163,2392972.513,2339202.531,1303510.448,4614040.132
1-Apr-11,1327217.703,5538396.74,4124736.684,2188267.481,2609493.631,1181317.003,4023420.201
1-May-11,980646.111,5337442.342,3395653.897,1907291.259,2844889.548,1415040.983,3775519.751
1-Jun-11,985545.2803,5077976.115,3773507.806,2264345.148,2147772.753,1105201.59,3728628.712
1-Jul-11,1099144.421,4861552.841,3034985.236,2119632.73,2390028.054,1131946.752,3820977.573
1-Aug-11,1169910.168,4735960.04,3304241.756,2191368.602,2392462.038,935589.0603,3341157.612
1-Sep-11,1118775.833,5237991.753,3449772.304,1837403.883,2019422.889,1028246.268,3192049.548
1-Oct-11,976854.5089,5420502.169,3809844.51,2083138.497,2503459.193,1049997.68,3870140.508
1-Nov-11,1149872.94,5090451.536,3149617.03,2020803.647,2245339.562,1177541.538,4062632.463
1-Dec-11,966573.0252,5345973.609,3337011.519,2460929.768,2400295.799,1220153.246,3857718.339
1-Jan-12,949209.0665,4985533.117,3756798.257,2264426.822,2212463.728,1305896.511,3361808.411
1-Feb-12,1023518.102,5759730.924,3643534.913,2330094.739,2326389.321,1397600.203,3880398.005
1-Mar-12,1158931.061,6093932.561,3929024.36,2262213.24,2797458.05,1266317.146,4246459.203
1-Apr-12,1287667.777,5566517.447,3849267.833,2253276.757,2651279.173,1196009.975,4071856.768
1-May-12,1107887.317,5212607.887,3489298.745,2457960.692,2420879.657,1024809.458,3907723.164
1-Jun-12,1044690.39,5253612.346,3093472.732,2348439.919,2517270.515,972647.3211,3740546.384
1-Jul-12,920477.4086,4537400.829,3270033.917,2591033.856,2505882.005,1118249.817,4105780.328
1-Aug-12,895288.9904,4805328.141,3593982.575,2267460.12,2372621.571,1315200.156,3702663.417
1-Sep-12,1055302.813,5451379.529,3742841.258,2263885.64,2375196.562,943530.4708,3728455.06
1-Oct-12,1033944.011,5055310.285,3282397.479,2137031.856,2395237.972,1013937.268,3985219.841
1-Nov-12,1074361.21,4954225.398,3397937.125,2059182.481,2294970.928,838485.3297,3764566.441
1-Dec-12,982283.4374,4975913.245,3236572.032,2283665.313,2582267.143,1218100.128,3438645.793
1-Jan-13,987516.2426,5403860.447,3578847.984,2303643.359,2189581.102,1093778.855,3438334.65
1-Feb-13,1128221.028,6164653.033,3990905.985,2337706.565,2565011.46,1302260.603,4508723.087
1-Mar-13,1191410.685,6018519.786,3981636.522,2578791.049,2601490.672,1338178.413,4119992.43
1-Apr-13,1110699.961,5613939.995,3846779.715,2478107.294,2335256.185,1517912.663,3567433.896
1-May-13,1244834.719,5589222.248,3744169.239,2301753.115,2446949.509,1037866.346,3916953.195
1-Jun-13,1276421.878,5285806.246,3823596.113,2435234.764,2447103.832,1067010.678,3492484.028
1-Jul-13,1017559.199,4874440.856,3422844.566,2465221.97,2463727.304,937300.0708,3670704.216
1-Aug-13,1316554.676,4874792.534,3773746.964,2191357.085,2249205.085,1034251.536,3275025.898
1-Sep-13,1192552.305,4797129.762,3584716.685,2540870.434,2324480.204,1052002.018,3730072.874
1-Oct-13,1013346.348,5351853.831,3526400.234,2082139.696,2275700.081,918831.1068,3591201.76
1-Nov-13,999424.9426,4932072.875,3313212.922,2179504.716,2354606.541,966090.1293,3313355.851
1-Dec-13,959774.3193,5410975.417,3430058.973,2073404.659,2314677.664,1098531.918,3735614.419
1-Jan-14,1054252.588,5359893.436,3429512.112,2546079.897,2401410.032,1106783.271,3438779.967
1-Feb-14,1238069.78,6386489.678,3530692.085,2204845.198,2869219.352,1063916.425,4691997.172
1-Mar-14,1134930.838,5595985.581,4164249.404,2441453.377,2617295.648,1223145.819,4107367.293
1-Apr-14,1070089.059,5465320.574,3469805.057,2150076.58,2344154.067,1126619.082,3937379.414
1-May-14,1135574.688,5038234.151,3607819.114,2308897.556,2455439.568,1064266.198,3890558.714
1-Jun-14,1041028.608,4735316.256,3606122.096,2355433.096,2444786.701,963042.8121,3649569.109
1-Jul-14,1190494.332,4623403.937,3556299.582,2581009.402,2312778.457,1062890.464,3461602.838
1-Aug-14,1094647.043,4519889.927,3377159.077,2400031.142,2339806.568,1147738.99,3648369.98
1-Sep-14,1273063.885,4644212.778,2887816.017,2109820.74,2009248.969,875067.8781,3224819.277
1-Oct-14,1151137.512,4621625.553,3091808.393,1793764.69,2479385.86,858748.377,3410499.013
1-Nov-14,896483.5074,4020735.191,2692477.08,1770826.684,1742944.637,731881.4901,2872919.48
1-Dec-14,1026307.633,3901587.117,2834926.117,2073707.805,1673805.373,803725.078,2737972.331
1-Jan-15,899557.0858,3951512.99,3147766.323,1752427.497,1739148.347,735183.2362,2695175.915
1-Feb-15,828747.3279,4566635.964,3794383.062,1950058.283,1767333.301,869971.6865,3344820.722
1-Mar-15,1014387.34,4983182.743,3222582.665,1847042.771,1930051.19,875293.3069,3713671.294
1-Apr-15,767313.2919,4374139.052,2896461.956,1657915.185,1573544.928,819597.2976,2937753.713
1-May-15,1180507.221,4451939.935,2970017.695,1654134.678,1778944.677,800112.4915,2947085.228
1-Jun-15,673987.0135,4139172.939,3063169.934,1673229.191,1627914.239,805311.2466,2974878.698
1-Jul-15,865060.7914,3734058.231,2755053.277,1656703.505,1813660.27,856369.2032,2559801.525
1-Aug-15,803380.9606,3945775.994,3200418.319,1993612.587,1892952.536,873815.7468,2969918.92
1-Sep-15,888715.8811,3917292.228,3141994.528,1900545.776,1478326.47,951043.3716,2381970.559
1-Oct-15,885070.8149,4264697.847,2869446.76,1619173.505,2047194.233,773499.1203,2896747.071
1-Nov-15,1112775.418,5079399.027,3039021.959,2090397.625,2220767.355,1058361.47,3085994.375
1-Dec-15,914820.3308,5153778.293,3615690.311,2298586.766,2299700.48,1082520.083,3435258.062
1-Jan-16,1046071.663,5272805.575,3245190.899,2096872.017,2433933.853,1080759.383,3358480.992
1-Feb-16,1025611.427,5264165.693,3592436.643,2021086.859,2011071.291,1295275.485,3730509.788
1-Mar-16,1050906.825,4981204.838,3472833.567,2391214.855,2152566.832,1236988.737,3955138.416
1-Apr-16,1143858.103,5107945.73,3659287.42,2379209.707,2383699.656,1149549.666,3579791.855
1-May-16,1126454.112,4993127.34,3144950.455,2241976.399,2103011.862,976054.5033,3365483.066
1-Jun-16,840244.635,5010860.564,3086718.341,1905251.63,1899814.96,1009982.327,3311851.369
1-Jul-16,937099.9491,3874316.969,3207640.827,2159513.078,1854322.098,1029387.045,3084738.001
1-Aug-16,876327.5341,4403468.443,3293025.452,2316465.664,2138891.388,972019.3575,3002435.805
1-Sep-16,1100690.251,4798396.743,3120411.167,1905097.251,1996120.466,845210.3228,2893436.092
1-Oct-16,979122.1361,5013460.389,3416988.342,1918012.249,2481909.815,942086.0338,3541637.073
1-Nov-16,984188.8835,4888144.756,3486413.529,1790125.246,2071921.623,922607.5432,3354229.383
1-Dec-16,961122.3918,4439571.048,3777700.841,2271045.279,2396822.027,966545.8219,3245197.919
1-Jan-17,914816.1696,4840357.837,3292590.228,2236759.13,2395778.22,1189803.931,3693602.019
1-Feb-17,901252.3871,6132437.988,4026771.013,2351873.604,2294226.582,1176041.466,3631061.452
1-Mar-17,1225612.089,5147942.139,3689595.871,2222327.111,2347831.587,1233833.593,3990936.259
1-Apr-17,1041014.863,5364226.662,3096389.882,2236843.777,2345720.344,1063911.806,3770457.467
1-May-17,948148.6645,5123991.151,3237008.131,2228960.845,2272216.422,936668.9555,3445432.818
1-Jun-17,1133070.048,4761366.863,3538027.123,2295501.139,2411174.475,877993.7703,3154923.66
1-Jul-17,1202960.47,4351780.879,3395628.272,1969154.24,2127168.687,1031668.967,3205431.117
1-Aug-17,1432133.169,4613763.972,3757753.65,2292074.102,2445751.226,1049011.242,3235636.528
1-Sep-17,1010085.594,4948062.702,3793346.2,2144557.243,2163268.158,1035066.073,3325863.906
1-Oct-17,1256026.61,5315677.17,3673169.882,2364606.141,2322714.53,1003429.144,2756387.11
1-Nov-17,971921.5117,5193853.568,3376619.271,1874246.062,2219500.823,1054031.554,3222597.013
1-Dec-17,932023.436,5015520.379,3579460.222,1822513.685,2528291.332,977535.497,3471267.954
1-Jan-18,1032602.012,4768572.552,3849544.05,1869942.49,2257429.975,926061.6354,3455273.569
1-Feb-18,1170968.683,5441949.565,4162293.343,2583135.662,2510438.222,1037036.042,3765136.822
1-Mar-18,1165992.879,6115369.966,4267731.268,2388312.022,2218376.48,1172107.374,3614270.582
1-Apr-18,1178199.914,5239860.053,3648486.58,2269651.342,2398991.269,1112520.643,3350125.491
1-May-18,1058232.325,5083454.711,3636008.091,2461403.482,2533033.873,1001871.017,3470087.4
1-Jun-18,1340749.54,5155277.039,3185323.476,2140690.741,2204473.146,1260303.474,3705996.409
1-Jul-18,1130856.076,4216366.786,3412948.417,2373515.14,2285273.989,1112058.189,3404527.055
1-Aug-18,1274089.406,4919421.959,3166019.807,2239800.583,2068598.425,1085486.443,3287551.137
1-Sep-18,1065743.501,4496260.583,3225394.039,1879346.089,1911853.041,1231664.974,3547775.033
1-Oct-18,1166086.143,4872855.054,3575696.202,1956584.879,2015114.169,901653.5689,3384869.064
1-Nov-18,1100234.297,5065734.384,2567299.799,1922757.242,2263031.095,1169435.378,3212124.974
1-Dec-18,999257.5642,4724010.252,3307601.413,2176228.502,2311174.354,923324.8393,3554148.22
1-Jan-19,1196727.965,4755431.848,3041851.592,2188693.619,2542128.788,1199572.821,3164240.279
1-Feb-19,1144565.293,5948121.218,3660626.812,2140146.388,2627195.108,1064653.244,3601639.66
1-Mar-19,1375611.203,5915279.126,3883830.103,2495577.342,2334088.065,904231.7554,3812010.595
1-Apr-19,1081995.559,5174579.182,3826196.684,2623760.323,2260375.099,1041962.093,3485302.017
1-May-19,986654.6169,5147908.084,3802097.307,2644082.589,2168828.483,891801.9358,3641927.966
1-Jun-19,1189917.611,4978447.498,3472127.692,2220070.381,2255565.267,893422.3151,3440714.492
1-Jul-19,1355523.431,5354009.069,3686494.765,2468364.329,2541011.721,1153421.032,3661484.385
1-Aug-19,1043697.048,4719111.546,3168677.289,2134819.256,1868991.866,925308.969,3423815.003
1-Sep-19,1240176.423,4727825.549,3466424.224,2275997.154,2047162.105,902327.8715,3302256.519
1-Oct-19,1280036.356,5206964.76,3495754.709,1678219.771,2198165.398,982036.2236,3462368.974
1-Nov-19,830772.3467,5125146.348,3251204.665,2275960.272,2475056.648,1193629.612,3464970.552
1-Dec-19,982942.1093,5522242.316,3559166.013,2163012.474,2168680.658,1140958.239,3974310.385
1-Jan-20,1113796.053,5272931.162,3605533.724,1901937.716,2321089.012,929807.9479,3131176.825
1-Feb-20,1044198.042,5926109.031,3783385.391,1743380.8,2329247.179,1244443.164,3277545.78
1-Mar-20,1417728.67,5534072.109,4107692.487,2485738.81,2522263.901,1172798.805,3715231.988
1-Apr-20,1048752.252,4734091.799,3201179.863,1393026.184,2137700.769,1095205.419,2878673.174
1-May-20,972941.5747,4671681.963,3185195.687,1266679.994,2286132.063,1030256.648,2998165.238
1-Jun-20,938650.483,4730787.911,3514280.323,1752345.053,2090009.028,1137631.505,3313457.395
1-Jul-20,1310870.077,4226073.808,4028526.997,1747829.894,1905279.692,866120.1925,3671216.896
1-Aug-20,1211261.322,5015517.181,3780208.111,2059158.409,2183273.985,1265351.658,3289399.812
1-Sep-20,963936.3188,4915705.214,2904114.217,1468036.403,2133204.729,924373.7753,2801375.324
1-Oct-20,1142780.951,4750258.494,3576399.086,1884211.743,2053904.462,1100083.531,3087490.531
1-Nov-20,1027017.902,4892111.605,3325771.455,1568940.923,1909920.188,1052905.166,3194487.79
1-Dec-20,1114087.522,5149491.911,3497669.207,1436583.249,2014441.607,1083707.863,3608373.577
1-Jan-21,922115.2892,5488809.49,3491002.671,1714747.066,2140090.457,1170728.765,3510459.729
1-Feb-21,1417703.95,5593945.269,3524453.099,2226740.615,2556240.368,1626818.351,3867798.44
1-Mar-21,1042624.677,5154887.364,3555676.989,1894305.914,2094093.745,1433783.307,3451578.167
1-Apr-21,1059358.235,5073224.912,3145497.899,1428296.724,1919198.903,1167482.38,3025434.117
1-May-21,943726.8291,4211003.698,3223464.004,1419281.993,1807696.864,1118621.522,2737966.096
1-Jun-21,946339.0077,4240108.843,2908854.432,1329602.455,1660175.376,994796.3804,2724348.53
1-Jul-21,792425.1989,3968224.726,2523906.646,1476699.958,1745373.136,805385.173,2662158.105
1-Aug-21,786438.9296,4037800.072,2939056.847,1359948.062,1787358.432,1023789.867,2542473.865
1-Sep-21,1067209.75,5029426.239,3105675.238,1676265.112,1518156.677,1058536.209,2759922.795
1-Oct-21,982110.9968,4838872.772,3307417.149,1660413.115,1834361.637,1265080.985,3201966.016
1-Nov-21,1127743.49,4515225.615,3454734.809,1991540.656,2326917.341,1118557.889,3719200.386
1-Dec-21,888575.2305,4630112.281,2769144.823,1665357.55,2264776.867,926417.2983,3121586.313
1-Jan-22,948424.2856,4749596.214,3348758.492,1711702.163,1929814.611,1051890.224,3214906.318
1-Feb-22,1228168.078,5344525.343,3870997.177,1628863.059,2311382.371,1065267.648,3530696.052
1-Mar-22,1011218.007,5012323.833,4247842.817,2133862.207,1841315.126,1232753.973,3882624.561
1-Apr-22,1276763.307,4767949.775,3523743.954,1934177.051,2018462.562,1210511.507,3560267.374
1-May-22,877841.3163,4962438.698,3298197.66,1968751.385,2120702.186,914277.5186,2781754.868
1-Jun-22,1056668.319,4712133.278,3192721.588,1840456.562,2213597.612,1172915.778,3049790.418
1-Jul-22,1033279.437,4215437.451,3573790.126,1810782.505,2205274.631,915980.0598,3282434.512
1-Aug-22,1276694.546,4606573.334,3208124.268,1898387.406,1959086.4,989981.3259,3044556.398
1-Sep-22,1124943.44,4602788.613,3131986.256,1938398.708,1804046.831,1052944.681,2790959.246
1-Oct-22,1177587.305,4627631.988,3222655.695,1991382.389,2159125.971,1073577.337,3219027.673
1-Nov-22,1155995.004,4490234.029,3472090.776,2123016.557,1849009.944,1046400.58,3182900.825
1-Dec-22,1076423.692,4530220.861,3862152.029,1652318.234,1887763.763,1127026.654,3311688.731
1-Jan-23,1090741.385,5252185.17,3433227.995,1969587.728,2183930.217,924408.3567,3409391.597
1-Feb-23,1208331.745,5761700.244,3922798.882,2182655.247,2017203.5,1292989.522,3617122.542
1-Mar-23,1231906.368,5955203.125,4344063.875,2085291.708,2450342.233,1238370.438,2945457.226
1-Apr-23,1472246.822,5530793.408,3072551.457,2199660.724,2493503.099,1240065.371,3333388.884
1-May-23,1145850.009,5575613.115,3608747.281,2322858.554,2207502.285,1208987.125,3338444.899
1-Jun-23,1258746.19,5168338.758,3467397.086,2109333.806,2113939.433,1188722.443,3401454.936
1-Jul-23,1355920.922,4609541.392,3989287.943,2645254.675,1795357.787,1178883.325,3456008.448
1-Aug-23,1143196.977,4642389.878,3833048.186,2023757.227,2083742.53,1305474.267,3695402.323
1-Sep-23,1019259.892,4595681.752,3596283.551,2196865.439,2370563.537,1205150.436,3195071.643