date_monthly,WGT_cmi,WGT_ehi,WGT_fpi,WGT_lhi,WGT_mni,WGT_pai,WGT_tti
20-Mar-1961,1.7837647,4.879014,4.7290678,1.9386696,4.3483644,4.0475907,4.7091579
21-Mar-1961,4.878849,3.9512944,4.7649136,5.4818544,4.4844656,5.3041778,4.257791
22-Mar-1961,4.0455022,4.4451761,6.0624623,5.1475239,4.0820761,4.7626286,4.4669113
23-Mar-1961,5.4067221,4.4450231,3.9230161,4.6520014,4.0821996,4.3616114,5.1293292
24-Mar-1961,5.4061413,3.6840231,5.6699066,3.7295814,4.879014,4.7624307,3.8405619
25-Mar-1961,5.1293292,4.4520116,6.45363,5.8486872,4.8287759,4.5610499,4.7843671
26-Mar-1961,3.2194815,4.2979822,5.8838701,7.4107971,5.7713666,3.6367645,4.8952103
27-Mar-1961,5.1293292,3.9515288,6.0624623,3.9220712,3.6982293,5.674859,4.8893223
28-Mar-1961,5.711441,4.2820044,5.1293292,5.7158413,4.1393108,3.8089218,5.5182066
29-Mar-1961,4.0026917,4.5023732,7.0340762,.078680024,4.3886356,5.0391483,5.2995639
30-Mar-1961,5.2163415,3.8511693,5.369832,5.973258,4.3840289,2.9852962,5.7708263
31-Mar-1961,7.4107971,5.0642462,6.0624623,5.1293292,5.4067221,4.4149885,4.1621695
01-Apr-1961,5.0838404,3.9220676,6.8992872,4.8790164,4.7424192,3.0771658,4.6520014
02-Apr-1961,3.9220712,3.6366274,5.8838921,6.6119289,4.35818,4.0821996,4.529058
03-Apr-1961,4.8788319,3.5627217,5.7045994,6.6470633,4.2200351,5.1293292,4.4451752
04-Apr-1961,4.6916938,5.2202778,5.5981703,5.6084156,5.6695166,5.9638286,4.8790164
05-Apr-1961,4.4451761,4.593152,7.8551259,4.0821996,4.7428713,7.4686513,5.7158413
06-Apr-1961,4.3963122,5.3592262,6.7972989,4.8790164,5.0325036,4.2561946,5.8648763
07-Apr-1961,4.4451761,5.3740978,6.1067591,5.8234797,4.8790164,5.6526895,5.1270628
08-Apr-1961,5.7158413,4.3333116,5.9312229,5.1293292,4.5610499,5.9258056,5.1293292
09-Apr-1961,5.9840031,4.4451761,6.0624623,3.9787269,4.473588,4.6605115,4.7117758
10-Apr-1961,4.4000287,4.3432665,6.3390293,5.5630827,4.8790178,5.2154279,5.1446142
11-Apr-1961,3.7738853,4.7025008,5.4106784,4.4451761,5.1171489,4.9309359,5.162652
12-Apr-1961,5.1293292,4.546155,7.2487168,3.073822,5.5828552,5.1293302,4.8966532
13-Apr-1961,6.2109985,4.8790164,5.7830925,1.8868467,4.290751,6.1878819,5.1293292
14-Apr-1961,4.208621,5.132658,6.5751357,3.7740304,4.4451761,5.1291437,5.6587048
15-Apr-1961,6.0024023,5.1293278,5.9749994,4.8704834,5.1293292,6.0622735,6.4538522
16-Apr-1961,3.8752961,3.9220676,6.766345,4.4539814,4.6520014,5.0241194,5.1293292
17-Apr-1961,3.4776862,5.1293292,6.4538522,0,5.826889,6.2595825,5.3256841
18-Apr-1961,5.2680254,4.0821996,6.1875405,4.3505688,4.856895,4.6276979,4.5789757
19-Apr-1961,5.7785072,5.1293292,7.2687802,2.8987508,3.5864239,4.7973537,5.1959753
20-Apr-1961,4.0716152,5.1293292,7.803966,2.3392859,4.0252695,4.6520014,4.451005
21-Apr-1961,4.5102248,5.037621,7.5801663,4.3461766,4.6520014,6.0624623,4.8790164
22-Apr-1961,6.1159086,4.8790164,6.4498954,4.5462332,5.7156386,6.0209985,5.106842
23-Apr-1961,7.4707713,3.7740328,6.2277555,4.5462408,4.8790193,5.4168229,5.1959758
24-Apr-1961,6.0848465,4.4451761,5.1293292,5.4067221,4.6889658,5.5126424,5.4067221
25-Apr-1961,5.1293292,4.0821996,4.8788319,5.1293292,4.4522572,6.4538522,4.8351774
26-Apr-1961,3.3435273,3.9533541,6.953433,4.4451761,4.8492484,4.0888772,4.8790164
27-Apr-1961,4.7068791,5.1291504,5.4067221,3.294086,4.0024247,5.1255531,5.1289277
28-Apr-1961,6.7278299,4.2170582,6.3668976,4.0821996,3.7607214,3.9071178,6.1701074
29-Apr-1961,5.4067221,4.9897032,6.8992872,4.0821996,4.4451761,4.256587,4.471684
30-Apr-1961,5.4587288,4.7252917,7.408052,5.609436,5.2089367,4.5282097,4.6520014
01-May-1961,6.4538522,4.8790164,6.8992853,3.2789824,4.0820618,6.9976006,5.472868
02-May-1961,5.7158413,5.2391272,6.4538522,4.2200351,3.7094157,5.608726,4.4451761
03-May-1961,6.4538522,5.1075869,6.8993816,3.6367645,4.3472247,4.776351,6.4390402
04-May-1961,7.7291675,4.7241359,6.0620413,4.5099149,5.433569,4.8045115,5.3540783
05-May-1961,5.7837605,4.8393183,7.25107,5.3802657,4.5118651,5.4225855,6.6691375
06-May-1961,8.3753242,4.6520014,6.941824,2.0202687,4.8790164,4.4148159,5.4056301
07-May-1961,4.3856058,4.5785766,7.746129,4.0021367,5.1568408,5.4109206,5.4067221
08-May-1961,6.1557894,4.4450765,6.3178902,5.1291347,5.2922401,4.0890198,6.1875405
09-May-1961,6.1647701,4.7354774,4.7342963,7.6973581,4.8790164,5.5569849,5.1293292
10-May-1961,4.5485888,5.2007418,5.4067221,6.1693554,4.5965662,4.9864621,6.1274424
11-May-1961,6.4538522,4.5460768,5.8754334,3.3285947,4.0021658,6.45363,4.2559614
12-May-1961,6.0054188,5.6725769,5.7190962,4.6518335,5.8774052,7.2759285,4.9271646
13-May-1961,7.3250446,4.8760891,6.4538522,4.5610499,4.0345907,6.3405485,5.1293292
14-May-1961,6.4538522,5.8276978,7.0069194,3.4154229,3.5858283,5.884336,4.9596896
15-May-1961,6.2581573,5.5637083,6.5613794,2.2433486,3.9229515,3.1747591,5.4067221
16-May-1961,4.9375658,5.6569343,6.3404517,2.7996049,5.6986861,5.6692591,4.9186821
17-May-1961,4.1049728,5.1297278,5.1772013,4.2559614,5.2463574,3.3713453,4.7415953
18-May-1961,6.2388706,4.5098352,5.5701962,5.1304903,4.7263803,6.101882,4.546155
19-May-1961,5.3350506,4.3152957,5.3635249,3.7740328,3.8494506,6.4538522,4.9858103
20-May-1961,0,6.2675071,4.879015,3.5091319,3.2157111,6.1610518,3.9223559
21-May-1961,3.6247804,5.0444283,5.3246727,2.898747,3.488966,5.5404882,4.0181775
22-May-1961,4.7146764,4.9877396,4.879015,1.7049315,3.424422,3.9226024,3.7740328
23-May-1961,6.0624623,4.7791138,5.3025098,4.1964226,3.1325121,5.315896,4.4451761
24-May-1961,4.6039143,4.6518335,5.2643733,.1480419,3.2540853,4.6520014,3.4745789
25-May-1961,4.6292686,4.8878174,4.0820704,.35604686,3.0883908,7.1241703,3.5091319
26-May-1961,5.1293292,4.8445501,3.8472114,3.2269282,3.4665837,5.4957271,4.8788333
27-May-1961,4.2559614,3.9787502,4.3512368,3.3901551,2.9296362,3.8466272,3.1983073
28-May-1961,4.9412475,4.0821996,3.6072168,.1480419,1.9720778,6.4538522,3.7802393
29-May-1961,2.8987536,3.6367645,3.7271378,2.2737162,2.8553815,5.2660694,3.3526878
30-May-1961,2.7398975,4.4451761,3.1258144,2.5806131,3.1748698,5.3107915,4.0821996
31-May-1961,3.1671479,5.0010419,4.2005701,4.2559614,2.9374602,4.0023584,4.6520014
01-Jun-1961,3.2021194,3.9220719,3.9139166,2.1548405,3.6935365,4.892426,4.0821133
02-Jun-1961,3.8130972,3.9220695,3.7740383,.81633419,2.4437327,3.4507899,2.9262657
03-Jun-1961,3.3901551,3.6728005,3.8532872,3.063694,3.1780186,6.3723555,3.0771658
04-Jun-1961,5.3087783,4.1414471,4.8900681,1.9049904,3.390152,4.0890179,3.7859821
05-Jun-1961,2.6043139,3.8226373,4.6938248,2.9104002,2.9839611,2.7953191,4.0821996
06-Jun-1961,3.0292854,3.7710681,3.9164579,2.5252829,2.8142533,4.5770869,3.9220738
07-Jun-1961,2.3530498,4.2550859,4.0821996,0,2.7363296,3.7039816,3.0441039
08-Jun-1961,3.0771658,4.3089461,2.8987556,0,2.9272771,3.1089399,3.5091343
09-Jun-1961,.68029153,3.9226024,3.961473,1.2048384,2.6157286,3.8852649,3.4549625
10-Jun-1961,3.6367645,3.7740328,3.1891718,2.4214709,3.1132441,2.3042865,3.0264425
11-Jun-1961,4.2559614,3.8514454,3.6194754,.93882579,2.794127,4.149507,2.9588804
12-Jun-1961,2.0902185,3.3001633,4.0821996,2.4692628,3.2789824,4.5619564,3.5716763
13-Jun-1961,1.8868484,3.1614876,3.9220686,2.0152621,3.5678763,4.2357588,3.772676
14-Jun-1961,2.2964811,3.8154297,2.9853981,2.7398975,2.9656651,3.9245989,3.5091319
15-Jun-1961,2.8170877,3.426456,3.7139547,3.1419654,3.3165023,5.3291345,2.832808
16-Jun-1961,4.8790164,3.9069638,3.7194335,2.1686997,3.1918502,4.1647334,3.2410214
17-Jun-1961,2.8968334,3.9226077,3.5091319,0,2.5022538,4.651813,3.1262481
18-Jun-1961,4.4451761,2.9010949,4.2559614,3.8823445,2.5579507,4.7127199,3.6367645
19-Jun-1961,3.9220712,3.898088,4.0024385,.23023993,3.4380887,4.0670309,3.4963145
20-Jun-1961,3.2994933,3.9149268,3.9229515,3.5511675,3.65908,3.577178,3.5559328
21-Jun-1961,4.6578245,3.3769937,4.2559614,2.6324756,2.7893038,4.6121206,4.0049934
22-Jun-1961,3.4578733,3.9220695,4.4961505,3.0771658,2.3894162,3.9228241,3.8119984
23-Jun-1961,3.0872498,3.3291814,4.8494306,.077065706,2.9108548,3.7039816,3.1136885
24-Jun-1961,2.4434052,3.180763,4.0822001,4.2303948,3.4703541,3.8719823,4.3243694
25-Jun-1961,3.6821837,3.2144256,3.9220724,.20040247,3.0732312,4.0609212,4.2559595
26-Jun-1961,3.9220724,3.9223592,3.5716763,1.7654927,2.3020103,4.4451761,3.8579519
27-Jun-1961,4.8038211,3.7306995,3.1880774,2.6914535,3.7039778,3.9335003,3.9226024
28-Jun-1961,3.8859801,3.8950212,3.6367631,1.2133586,3.6641049,3.8422821,4.082202
29-Jun-1961,5.2680254,4.2946367,5.3645983,1.6184279,3.922338,5.2655625,2.8987536
30-Jun-1961,6.7546325,4.2559614,4.707437,4.0821996,3.9229515,4.0094442,3.1839867
01-Jul-1961,6.1160173,3.8865266,3.9229517,2.471117,3.8624053,4.2490091,4.2663178
02-Jul-1961,6.6132727,4.4801559,4.0821996,2.0265715,3.7572083,4.9421053,3.6370168
03-Jul-1961,6.4538522,4.2063308,5.1017814,2.8987544,3.0052333,2.5556667,4.4678502
04-Jul-1961,2.0202708,4.5137396,5.7420807,2.3853824,3.7277162,6.6346316,4.7428713
05-Jul-1961,2.9641752,4.0821996,3.8669155,5.5271711,2.8254633,5.3750134,2.8987117
06-Jul-1961,3.5091319,3.9220695,5.7248302,4.6657863,2.9882185,4.6473742,3.7295797
07-Jul-1961,2.4692612,3.2347889,4.7779603,2.271518,3.478158,3.0850484,4.0820584
08-Jul-1961,4.3871703,4.3818727,4.3800983,2.9439473,3.0360365,2.6004775,3.996578
09-Jul-1961,3.0771658,4.1701155,4.4157305,3.1652734,3.4030228,3.9226024,5.046351
10-Jul-1961,6.4538522,2.8434362,5.5309916,2.4430268,3.9225163,2.9653006,3.876977
11-Jul-1961,3.0771658,3.5091319,4.0821996,3.7621956,3.8483202,4.098484,2.8169823
12-Jul-1961,5.7158127,3.2845044,4.0820704,1.7996376,3.3711026,6.1204929,3.7740328
13-Jul-1961,5.1293292,4.8628931,2.1978114,3.8660259,3.8654759,5.1293292,4.5545492
14-Jul-1961,4.082201,3.9229515,4.0288506,.6563164,2.9852962,4.7540917,3.0866706
15-Jul-1961,4.8790231,3.444025,3.8935623,2.0834067,3.592032,3.9932709,3.8177581
16-Jul-1961,4.0603752,4.8790164,4.7519703,3.7179465,4.4003391,3.9075284,4.879015
17-Jul-1961,4.4451761,3.5091319,4.2558908,2.6668248,4.0821352,5.5703845,4.1415448
18-Jul-1961,6.0624623,4.729948,3.9226024,3.4923139,3.8624935,4.7644501,4.3062258
19-Jul-1961,4.3635855,3.8761947,4.879015,6.5319147,3.4987881,5.717689,3.2414999
20-Jul-1961,3.8491807,4.8790164,4.1417356,4.3021631,4.0078239,6.4538918,4.6520014
21-Jul-1961,4.9938269,3.9220712,5.0967064,3.7017312,3.7677891,3.9278264,3.6932242
22-Jul-1961,6.6768212,3.9542851,3.9187951,3.1748698,3.426456,4.6518245,3.688612
23-Jul-1961,5.1293292,4.2650728,4.5460768,2.7028646,4.4451761,4.4451761,3.9872832
24-Jul-1961,2.2884295,4.76476,4.9302092,4.6520014,4.3086038,2.9674029,4.5740976
25-Jul-1961,4.4116874,4.0759811,4.2116184,4.7658687,4.6150732,5.5949988,3.7404678
26-Jul-1961,4.473588,4.8639002,5.9261456,3.4538596,2.6439545,3.1923592,4.4785204
27-Jul-1961,6.0766668,4.4451761,3.7914586,4.0206385,4.1964197,3.587363,4.4451761
28-Jul-1961,5.3865328,3.949481,3.7861898,4.7252917,3.5223861,3.952075,4.6836343
29-Jul-1961,6.8992872,4.0351338,4.7221999,3.6367645,3.275763,2.9228354,3.5268176
30-Jul-1961,5.1304932,3.4429903,4.082058,2.2225881,4.4171267,3.9228241,3.4710693
31-Jul-1961,4.770844,4.018609,4.3486362,4.2088156,3.9220712,3.9245114,4.3568497
01-Aug-1961,2.9829535,4.082201,4.016449,3.7039816,4.4635563,4.6520014,3.4191372
02-Aug-1961,3.9220712,4.2559614,5.8956165,2.9853005,4.1822848,3.8799727,4.0457788
03-Aug-1961,4.8790164,4.0823026,4.6251736,2.9852085,3.1748712,5.5961332,4.5922399
04-Aug-1961,4.8790164,3.9224482,3.9224336,2.8170021,3.2834706,4.9510183,5.0508046
05-Aug-1961,4.4507389,3.9226024,4.4957066,4.7440457,3.3198037,4.4902887,3.9905584
06-Aug-1961,3.2942495,4.3504958,3.0771658,4.2330408,3.7572083,4.6796517,3.9560187
07-Aug-1961,6.4538522,4.4451761,5.3540783,3.4199042,3.10658,2.8274722,3.3901551
08-Aug-1961,2.8170877,4.3375273,4.3244905,1.5262142,3.0272634,6.7441282,4.7772326
09-Aug-1961,3.5076232,4.4451761,3.9607539,2.1242795,3.6212173,5.1265049,3.4239488
10-Aug-1961,2.8987536,3.3722281,4.0821996,3.2529316,4.4059992,3.923543,3.794533
11-Aug-1961,7.696104,2.9408374,3.3520694,2.1073105,4.0253639,6.2387815,3.3260336
12-Aug-1961,5.9054728,3.1353235,2.0202351,3.5652833,2.1391263,4.4451761,3.0809228
13-Aug-1961,3.2970529,4.1008005,2.9526594,2.5430965,1.8348424,4.1841145,3.2789793
14-Aug-1961,4.0821996,3.6138039,2.9349449,2.9011919,3.1780751,5.565424,2.6456571
15-Aug-1961,0,3.9375134,2.9463615,2.8170862,3.3698487,5.1293292,3.2789793
16-Aug-1961,3.006037,2.9537768,2.7967219,1.9802661,.72043973,4.0821352,2.7477674
17-Aug-1961,2.6330652,2.9852962,1.8843988,3.2331812,1.522289,6.4539394,2.6317296
18-Aug-1961,1.0080367,2.8573387,1.8349138,0,.70713609,2.5316763,1.7391742
19-Aug-1961,.64486146,2.894701,0,2.4692612,2.013875,3.2789824,2.6668248
20-Aug-1961,1.7094433,2.3953614,1.7870073,1.5511684,2.105341,2.5343988,1.9802623
21-Aug-1961,.13166358,2.2472856,.00069180306,1.3889099,1.9048195,3.7321613,2.2342243
22-Aug-1961,0,1.2519979,1.9677927,0,1.3333904,3.5798161,.038447633
23-Aug-1961,.72629297,2.4829197,1.4073539,.15408318,1.6594872,3.2673976,.95665592
24-Aug-1961,0,2.5309467,1.0243474,2.9852962,1.3288224,2.7939382,2.8559227
25-Aug-1961,1.9802608,1.9793787,2.5975487,0,.6793915,2.0438247,1.6496391
26-Aug-1961,1.6806567,2.3197138,1.956542,0,1.1827979,2.9123058,1.7582018
27-Aug-1961,0,2.1014504,0,0,.97245252,2.3809721,1.2870927
28-Aug-1961,1.5000206,1.7445294,2.854847,2.065407,1.3423021,4.2343392,1.553647
29-Aug-1961,2.2989519,2.0859916,1.3422474,0,.99503398,3.0311823,2.1506205
30-Aug-1961,1.9530945,2.2989519,1.9403853,1.7409098,0,3.7752442,1.1928591
31-Aug-1961,0,1.481717,2.4096603,0,2.0112913,3.4151487,2.6668248
01-Sep-1961,1.6497955,1.6461262,0,2.0350046,0,1.3985764,1.9666599
02-Sep-1961,2.8841193,1.6135192,1.2380536,.74449563,1.8141071,2.3913782,2.3837013
03-Sep-1961,1.7825785,2.5316763,.7905134,.050674446,2.6379576,0,1.9909685
04-Sep-1961,0,2.0140657,2.4111094,.22321948,2.4382772,2.4692612,1.8349092
05-Sep-1961,.079101898,1.8018506,2.8866358,1.1834503,2.627893,2.8919966,2.3189616
06-Sep-1961,3.0511134,2.4692612,.9950012,.079241134,1.9802628,3.3442383,1.3637762
07-Sep-1961,4.6065354,.32310328,2.6601887,2.5851789,1.9553556,.73997462,1.6406281
08-Sep-1961,.90498126,1.8985262,3.0771658,0,3.550669,3.9229515,2.6707845
09-Sep-1961,0,1.0380707,2.6668248,0,2.2472825,.96976352,2.8768053
10-Sep-1961,0,2.2876453,2.4205933,.10927052,2.8072352,2.4819415,2.7908006
11-Sep-1961,3.0800829,2.7305255,4.0827746,1.2747301,3.8567593,1.1051311,1.4903406
12-Sep-1961,0,1.0214633,2.2865639,0,2.2934968,1.7061691,2.7758167
13-Sep-1961,3.3901551,2.117907,2.4902673,1.652926,2.242346,2.8986609,2.2728231
14-Sep-1961,1.951411,.88862371,2.9424498,0,2.3779507,4.2862291,2.139117
15-Sep-1961,1.438823,1.1066352,.82378471,.86304843,2.3530498,1.854403,2.1587214
16-Sep-1961,.33335912,1.192854,2.8989451,1.8719501,2.9668462,.080933027,2.7317061
17-Sep-1961,3.6805911,1.9608454,1.8553407,0,2.7300556,1.7348617,2.4692612
18-Sep-1961,1.6635439,1.8780301,1.9926677,.52770776,2.8324358,.74191856,1.4917101
19-Sep-1961,2.4528551,2.0090904,4.4007177,0,3.5817909,.76506114,2.5401051
20-Sep-1961,0,.82249153,2.3657279,1.0752833,4.6792116,.5064829,1.971259
21-Sep-1961,0,2.2433004,2.8578835,1.7391742,3.5091319,.68690366,2.8170877
22-Sep-1961,0,1.5266838,3.2788711,.35010111,2.2345061,1.833105,2.2746425
23-Sep-1961,3.6835978,1.4047947,2.5843921,0,2.2989519,1.101517,2.4172759
24-Sep-1961,3.7556634,2.6327791,2.2407222,1.6753167,2.6441457,2.0950196,2.9008534
25-Sep-1961,.94787198,1.8105927,2.5317807,.20597801,2.1205072,2.0513239,2.7128699
26-Sep-1961,3.3900361,1.9048195,2.4097552,.24968579,2.9160485,3.498723,2.4549122
27-Sep-1961,1.5331593,2.7398975,1.8348405,3.2789824,2.5682571,1.8691384,2.6668248
28-Sep-1961,1.3964564,2.1719611,2.5314043,0,3.0017819,1.9645163,2.4758701
29-Sep-1961,4.29181,1.2782936,3.6551037,0,2.8169794,2.0538144,2.4692612
30-Sep-1961,4.002574,1.9699903,3.9220712,.44742975,3.1748698,.94783157,1.6807119
01-Oct-1961,3.3638434,1.9484653,2.7917526,2.8987536,1.7592081,.71184766,1.8018506
02-Oct-1961,0,1.6668202,3.922339,.28204447,2.6699941,3.0317998,2.8501534
03-Oct-1961,2.0652177,1.1182252,3.571805,1.2178049,2.9425185,1.2418196,1.7341301
04-Oct-1961,4.082202,2.2472856,2.2888601,2.5758109,3.3509738,2.5250862,1.9032726
05-Oct-1961,2.781256,2.6668248,2.1276622,1.7877305,2.7033153,2.3530498,2.8170877
06-Oct-1961,3.2541633,.88640654,2.1583586,0,2.9374568,3.9548843,2.703361
07-Oct-1961,3.6367645,2.5049167,.66176927,0,2.028897,1.7394093,1.4771698
08-Oct-1961,3.9224336,2.0799167,2.5317807,0,2.2728231,0,2.0921266
09-Oct-1961,2.5056591,2.193058,2.8572259,2.2421327,2.0326724,2.1760437,2.8987536
10-Oct-1961,3.9816804,1.3423008,2.0362728,2.2472835,2.7202249,4.0820704,2.8370738
11-Oct-1961,3.0676026,1.8520603,3.9226925,.51822537,3.3638339,2.8169131,2.3625157
12-Oct-1961,3.1252544,2.420727,2.0877585,.79781604,2.9552157,5.1304932,1.8349138
13-Oct-1961,2.3530498,2.0202742,2.3772395,2.0943737,3.7039888,2.63146,1.0363382
14-Oct-1961,0,1.9434456,3.0129766,1.5201277,2.8170877,1.7072811,2.4662457
15-Oct-1961,2.3543096,2.130218,2.5726814,1.403015,2.6204381,2.6744342,2.8166747
16-Oct-1961,1.8019303,2.326858,3.1090608,0,2.7144802,2.6682498,3.0653758
17-Oct-1961,.39840847,1.9802628,2.8027205,2.4213519,2.869174,1.9288495,3.0771658
18-Oct-1961,3.7045174,2.7398975,4.1690807,2.0761995,4.1560135,1.6464508,2.8987556
19-Oct-1961,3.7732859,2.7398975,2.9519026,1.2639617,3.0771658,2.7782359,3.2751
20-Oct-1961,2.9739227,3.0171609,.35061589,2.6050723,3.7879586,4.2261133,3.3759105
21-Oct-1961,1.6190712,3.0813937,4.082202,2.5004752,2.800416,1.7118142,1.9560508
22-Oct-1961,0,2.8987536,3.3159988,4.674932,3.41468,4.5149136,3.40698
23-Oct-1961,0,1.9934227,4.3967171,1.6809558,3.9112544,3.4287834,3.0415068
24-Oct-1961,3.4685543,2.919827,4.0820532,2.8044734,3.2763143,1.7880408,3.5716815
25-Oct-1961,4.9202414,2.7398975,4.8790088,4.2320867,3.6367645,3.5470824,2.7301214
26-Oct-1961,4.2559614,2.6759,2.9272647,2.6668248,2.4292707,1.6928166,3.3764596
27-Oct-1961,2.7399406,2.0132723,3.6366246,2.9317534,3.2888222,3.497488,5.1293292
28-Oct-1961,6.5957966,1.4564998,3.6366246,5.2350922,3.790868,3.454581,3.1848431
29-Oct-1961,5.1293292,1.7699577,2.7398975,3.065804,3.5091319,3.4548454,2.4631999
30-Oct-1961,2.536334,2.9337351,3.8469896,2.8170877,2.6690125,.056765731,4.00913
31-Oct-1961,3.9220712,2.655025,2.3398447,2.9562964,2.7762742,4.2897315,3.4755569
01-Nov-1961,.1597444,3.7139525,4.0822382,1.2505416,2.9177361,3.2513056,4.2559614
02-Nov-1961,2.690186,1.7933097,3.9226024,3.077163,2.7008438,3.9232092,3.3198037
03-Nov-1961,4.3130379,2.0187039,3.5358615,3.2509289,3.4099836,1.980198,3.9229496
04-Nov-1961,3.5676441,3.4017279,2.8233969,4.6792116,3.9378433,3.9220712,3.4684291
05-Nov-1961,1.2043005,2.9236507,3.0814734,6.3262835,2.4692173,2.694639,2.9766848
06-Nov-1961,4.8202124,3.2978909,3.390034,5.5314813,3.5983629,2.2451644,3.5464709
07-Nov-1961,3.5091319,3.4594107,5.4316635,3.3901551,3.0812891,3.8487136,4.0822015
08-Nov-1961,2.0549216,3.2789862,2.5751476,4.4505224,3.1933041,4.3867526,3.6366274
09-Nov-1961,3.6563778,3.2240162,3.6549335,2.7583737,4.2559614,1.9095285,2.2856877
10-Nov-1961,6.2520356,3.540617,2.7784426,3.2828035,2.8169794,5.1293306,4.0821996
11-Nov-1961,5.6595502,3.9226522,3.5735989,5.3494816,3.1101696,4.3333139,4.3788004
12-Nov-1961,1.139554,4.0644231,4.1766567,4.1690784,3.1715827,6.1983576,4.5299735
13-Nov-1961,3.9220712,3.4552827,3.2410214,2.2472847,3.6064186,2.8169837,5.2209473
14-Nov-1961,2.333576,2.6240354,2.81709,2.117193,3.4401464,3.7502899,3.7537961
15-Nov-1961,4.0821996,2.5003483,3.6366274,2.4424198,2.8564517,4.5141935,3.3039691
16-Nov-1961,0,2.9852962,4.0821133,2.1276557,3.2789824,4.879014,4.0822005
17-Nov-1961,1.04072,3.0771658,3.9226623,3.5932033,3.4518332,4.3793497,4.4451761
18-Nov-1961,.013864774,3.7740328,3.8085334,2.4692612,4.6640077,3.2269261,2.7027578
19-Nov-1961,3.2269261,2.3326445,2.3581915,3.9281163,4.1821022,2.9558802,3.5091319
20-Nov-1961,3.1067872,2.8431981,3.7050631,2.7483258,2.8580561,3.781795,3.4788747
21-Nov-1961,3.3901551,2.8911057,3.9226024,4.4451761,2.6058028,4.2559614,4.6520014
22-Nov-1961,4.1690807,4.1246243,3.0771658,4.0821996,3.659081,3.268868,2.6597314
23-Nov-1961,6.0848465,3.4462404,2.9852962,3.5417922,3.6367645,4.8572588,2.9273162
24-Nov-1961,4.7252917,2.6323168,3.6852002,1.8237658,2.9439368,2.7398143,3.672833
25-Nov-1961,3.0653749,2.6590362,3.8042655,1.271876,3.9223247,2.4314132,3.9220695
26-Nov-1961,0,2.3330016,4.0631156,3.3096266,1.8349121,2.6668248,2.8987536
27-Nov-1961,3.5796828,2.568258,2.7345111,3.5567844,4.6706891,2.8118958,3.252316
28-Nov-1961,4.6956983,2.4346166,4.0821996,2.725796,3.771188,4.140667,2.465286
29-Nov-1961,3.3963664,3.7420683,3.5093615,5.1291513,4.2559614,1.6528704,4.7264614
30-Nov-1961,1.7336895,2.7398975,3.4743829,2.7784925,3.2596602,6.0622363,2.1978908
01-Dec-1961,3.1748698,2.5723021,3.4439967,1.9247389,2.2730806,2.2403362,3.1103964
02-Dec-1961,2.9558802,2.8986506,3.9220712,4.1964183,4.3148928,2.1277416,5.662394
03-Dec-1961,2.0408895,2.9563208,3.8642824,2.7925332,3.5819128,2.9796205,4.0021353
04-Dec-1961,3.7739592,3.6149826,3.5431967,3.4496436,2.5910172,4.6541743,2.8991504
05-Dec-1961,4.0021353,2.8847046,3.9221225,0,3.9229517,4.3228774,3.9229515
06-Dec-1961,4.5462375,2.7210975,4.8791766,1.8349138,5.2097783,2.9256096,3.9220712
07-Dec-1961,6.2580471,3.2260861,4.8788362,5.1293292,4.2636881,4.9813719,2.9871955
08-Dec-1961,4.8790164,3.1157794,3.5215943,4.8790164,4.6520014,2.7113259,2.5975487
09-Dec-1961,3.9220712,2.9763675,4.0005336,2.3548007,4.8399692,3.1748195,4.0347018
10-Dec-1961,3.1732259,2.1667616,2.8169794,2.8709197,4.2446966,2.2623372,4.0021353
11-Dec-1961,3.9220712,2.8170877,3.9220712,4.5485888,4.0024009,2.8986506,4.2559614
12-Dec-1961,3.6141648,3.3901551,4.082202,4.9871807,5.4067221,4.7626286,1.6235765
13-Dec-1961,3.5849631,2.8170111,3.5004077,4.3615084,2.6668248,3.296416,5.1212025
14-Dec-1961,5.8556108,3.1747622,3.154393,6.9929667,4.7020273,2.1978209,4.6520014
15-Dec-1961,3.6366274,3.6272984,3.5841479,3.1136591,4.1473222,3.1748698,4.4846749
16-Dec-1961,3.1500375,2.0624237,4.8790164,1.9184442,3.3901551,4.0821996,2.5317783
17-Dec-1961,4.1103606,3.534842,4.8790164,4.2559614,2.1440814,4.8704538,4.2636881
18-Dec-1961,3.5091319,3.864655,4.8790164,2.9766848,4.1608052,2.7942352,2.5317807
19-Dec-1961,4.8306398,2.7612743,5.4070854,3.4759958,3.9613037,3.9222662,4.0821996
20-Dec-1961,4.8227787,3.5591044,3.2794235,5.0574574,3.3982646,2.6317284,3.3460875
21-Dec-1961,4.9381685,2.9290769,3.9617424,4.8829789,3.8728011,4.5856342,4.4909396
22-Dec-1961,4.6474447,3.2789824,3.5091319,2.5312448,4.0990009,3.0694003,3.571805
23-Dec-1961,5.1293292,2.5975487,3.4685557,.36661172,3.8872833,3.8214698,2.2468243
24-Dec-1961,3.4496436,3.705399,3.9740329,0,3.7091069,3.7740328,3.0023677
25-Dec-1961,3.7772582,4.6520014,4.2562428,4.0451097,2.4775977,3.9224336,4.6520014
26-Dec-1961,3.1937408,2.6317284,5.0836296,4.6623282,2.9278374,5.0556393,4.4451761
27-Dec-1961,6.4538522,2.9902139,3.5815845,3.3593762,2.0979912,5.1293292,3.4641342
28-Dec-1961,3.7740293,3.1192362,3.5716717,1.8532647,1.5113599,5.0008478,2.9503136
29-Dec-1961,6.0624647,3.7569377,2.0619287,4.4451761,3.0757773,4.2562494,4.0821228
30-Dec-1961,4.7872524,3.8079729,3.4076443,3.4333825,5.1293292,2.0618649,3.4833963
31-Dec-1961,4.0823398,2.197892,3.7740328,5.0041742,3.1756692,4.4593821,4.3504877
01-Jan-1962,2.8268666,3.0771658,2.8561969,4.0021315,3.9226024,3.1747544,1.8349138
02-Jan-1962,4.6520014,3.4496436,3.7689729,2.5316763,1.0885516,3.9220712,4.6795092
03-Jan-1962,5.205555,2.5066907,3.5221758,3.7740328,3.2789824,4.3302183,4.9191246
04-Jan-1962,3.0583422,3.2316079,3.8850722,2.5317824,2.8168361,2.5643263,2.0202708
05-Jan-1962,1.1205279,3.0868201,3.9223247,.99503684,2.3806901,.98214543,4.1142702
06-Jan-1962,4.1836238,2.0202708,3.5091319,4.3505688,3.1360388,1.3823199,3.7740328
07-Jan-1962,5.81423,2.6088927,3.4194489,1.7533014,3.8221214,4.4872904,4.1831608
08-Jan-1962,3.0106592,4.4909391,3.3841314,7.5534506,5.1293292,4.2361307,4.0821996
09-Jan-1962,0,3.6180949,4.6520681,6.6765699,3.1748698,1.9930055,3.0771658
10-Jan-1962,3.6367645,5.1292353,4.2048206,3.6367645,4.0821953,5.4067221,4.0005336
11-Jan-1962,4.8778038,3.7579436,6.0623493,4.0021877,4.5485048,4.4807663,3.8723612
12-Jan-1962,2.4234724,4.0820484,3.3901551,4.0821996,7.0069304,2.9558764,4.8790164
13-Jan-1962,10.536052,5.188179,5.2350731,5.7158413,4.8790164,2.7683403,5.4488187
14-Jan-1962,4.6520014,5.382165,7.4107971,6.4538522,5.2680254,4.3316307,7.696104
15-Jan-1962,4.8990498,4.156775,7.4504633,9.5316868,4.8897104,5.3539715,8.3119106
16-Jan-1962,5.7158413,4.6474504,5.2767148,6.1250014,7.6772108,4.383913,6.4542809
17-Jan-1962,5.7158413,5.5567799,6.4985323,6.8992872,7.111403,5.5049505,7.2154837
18-Jan-1962,5.7713661,5.608726,6.8376098,7.0501351,6.8177195,6.8992071,7.8282943
19-Jan-1962,7.8743382,6.8993607,5.0563059,9.3712721,9.0971775,6.9109044,7.5825958
20-Jan-1962,4.1286249,6.3999925,5.0975714,5.6695328,6.4032955,6.0622363,7.9372401
21-Jan-1962,4.8443632,5.3843241,6.8880596,7.2782049,6.4538522,6.9318113,4.3987656
22-Jan-1962,5.7999458,5.7943053,7.7757301,6.3206944,5.5077238,6.4538522,8.0042706
23-Jan-1962,6.1107965,6.6577706,7.2318001,7.9137321,5.4067221,3.0771658,6.4538522
24-Jan-1962,2.8986506,6.8990407,6.8990364,5.2750535,9.8940773,6.6764421,5.829092
25-Jan-1962,6.6939483,4.5133791,6.0765867,5.7303972,4.6360035,4.8777361,6.8992844
26-Jan-1962,5.4901075,6.4540682,4.8790145,9.1767216,6.5970201,6.9551764,6.0624623
27-Jan-1962,9.942297,4.6519175,6.0624623,6.720871,7.8557014,7.6346445,7.6333199
28-Jan-1962,4.5985069,5.7158413,7.2147083,6.9050064,6.2520356,8.4286633,6.6765699
29-Jan-1962,5.1293292,4.7259307,6.0624623,4.7924438,5.4067221,4.9377851,5.5569849
30-Jan-1962,8.352766,5.180233,7.2165589,5.7158413,6.3515019,8.7012577,6.1375875
31-Jan-1962,9.2115288,4.9165072,6.8993344,4.8790164,2.2472856,6.8991642,5.6084943
01-Feb-1962,6.2528496,5.1461077,6.4538522,4.0821996,4.6217117,5.7156353,4.2683849
02-Feb-1962,2.9879599,5.1044669,6.6532826,5.3431568,5.1589727,7.3451972,3.9220676
03-Feb-1962,3.0771658,4.0823135,5.3745508,4.4739609,5.0268421,7.4105158,6.0703034
