date,WGT_cmi,WGT_ehi,WGT_fpi,WGT_lhi,WGT_mni,WGT_pai,WGT_tti
01-Jan-1997,2.5522923,5.1112437,5.1293321,2.3122394,4.1552396,4.3538275,4.6519971
01-Feb-1997,6.0153913,4.0821996,4.8780241,5.6080956,4.6520014,4.5382981,4.2559614
01-Mar-1997,5.7200918,4.8791175,6.2793994,4.8567991,3.9560161,4.6786647,4.7252917
01-Apr-1997,5.4067221,4.8956881,4.6210337,6.4538522,4.3802652,4.342958,5.2643733
01-May-1997,4.7856021,3.7738853,5.6239719,3.7295814,5.1293292,5.6073084,3.9222786
01-Jun-1997,5.7920065,4.6857219,6.3058157,5.6441288,4.6091104,5.1664381,4.7843671
01-Jul-1997,2.9852962,4.0827818,5.6245327,7.4107971,6.1875443,3.7738853,5.1684494
01-Aug-1997,5.0792212,3.9220712,6.4538522,4.2559614,3.6923349,6.4057703,4.878849
01-Sep-1997,6.0624623,4.5120463,5.1500549,6.0624623,4.2420754,4.0827818,5.4067221
01-Oct-1997,5.1293292,4.3004732,7.2320662,.15736005,4.4451761,4.8790121,5.4067221
01-Nov-1997,6.4538522,3.9223559,5.2095108,6.4984822,4.3877926,3.0282376,5.4067221
01-Dec-1997,9.5310183,4.4451761,6.4538522,4.8790164,5.7158413,4.0820704,4.0821996
01-Jan-1998,5.1293292,3.6367645,7.4107971,4.8790164,4.7216692,3.0771658,4.1964197
01-Feb-1998,3.8839796,4.0821996,5.827692,6.6138797,4.4451761,3.6367645,4.5985069
01-Mar-1998,5.1293292,3.7740266,5.9780364,5.9205384,4.0240173,4.8667316,4.6520014
01-Apr-1998,3.6742816,5.4067221,5.4067221,5.6084156,6.0624623,5.8268909,4.8790164
01-May-1998,4.4451761,4.593152,7.1495957,5.1293292,4.8494306,7.4686513,6.1693559
01-Jun-1998,4.0821996,5.4724879,7.4105082,4.8790164,5.4374938,4.8867083,6.0829535
01-Jul-1998,4.241518,5.0394049,6.4536324,4.8790164,5.3766418,6.45363,5.260993
01-Aug-1998,7.696104,4.445178,5.7158413,6.7658629,5.0693159,5.8268886,6.8992872
01-Sep-1998,7.4107971,4.6059561,6.4542809,4.0231977,4.9746552,4.6683598,4.720808
01-Oct-1998,4.6520014,4.4451761,6.4538522,6.4538522,4.4777541,6.4538522,5.4067221
01-Nov-1998,3.5091319,5.8840499,6.6619678,4.4783559,5.2095108,6.6387639,5.4067221
01-Dec-1998,5.4667702,5.1293292,7.2487168,3.2789824,5.7089,6.1861176,5.3828931
01-Jan-1999,5.1293292,4.5909753,5.8534236,.75757861,4.290751,6.4542837,5.3928351
01-Feb-1999,3.9238114,5.8268919,6.8990407,4.6520014,4.548758,4.9007597,5.7084632
01-Mar-1999,6.8992872,4.8790188,6.4538522,4.4825454,5.4067221,6.4538522,6.7139301
01-Apr-1999,4.6520014,3.92399,6.8993816,4.6573491,4.2633667,5.8648248,5.1959753
01-May-1999,3.5091319,5.1293292,6.4538522,2.014457,6.0624623,5.4067221,4.8907113
01-Jun-1999,5.5724721,4.0821996,6.1208353,4.0821996,5.1291428,5.3049212,4.5789757
01-Jul-1999,5.8631678,5.4067221,7.2320662,2.8987508,3.7740328,4.0821996,5.535008
01-Aug-1999,5.2185755,4.8790197,6.5387545,3.5091319,3.5718105,5.9075418,5.0430856
01-Sep-1999,6.5751357,5.4065604,7.9137321,4.3333116,4.7277279,6.0624623,4.7554469
01-Oct-1999,6.4536324,4.6520014,6.4498954,4.0821996,5.8063822,7.6118927,5.7158413
01-Nov-1999,7.9043231,4.2370782,6.3715816,4.0821996,4.8790121,5.8723164,5.1293292
01-Dec-1999,5.7158413,4.2559614,5.3432527,5.7158413,4.9282136,6.2084413,4.8790164
01-Jan-2000,5.1293292,4.8793635,4.6520014,4.8790164,4.5462394,8.700942,4.9871807
01-Feb-2000,4.0056505,4.4451761,7.4322329,4.4016867,6.0624623,4.3059506,4.879015
01-Mar-2000,4.9896989,4.9221277,5.3809986,2.3810627,3.9220712,5.7158413,5.1289277
01-Apr-2000,6.8992872,4.8603578,6.2899008,4.6520014,3.9226024,4.5718436,6.8992872
01-May-2000,4.3868723,5.6089501,6.8992872,4.585093,4.0820527,3.6638961,5.1293306
01-Jun-2000,4.8790164,4.7731433,8.005022,6.0624623,5.8281293,4.0821996,4.6520014
01-Jul-2000,6.99999,4.8790164,6.8992872,4.0821133,4.6520014,7.5514793,5.1293292
01-Aug-2000,6.8992872,5.3843589,7.4107971,5.871119,3.4815466,6.8992872,4.4016895
01-Sep-2000,6.6134491,4.1769395,7.4107971,3.6367645,4.0546122,4.9271049,6.7441282
01-Oct-2000,8.0042706,4.974381,6.4538522,4.7402239,5.4067221,5.4067221,5.5688872
01-Nov-2000,4.3719325,4.6801291,7.0201707,6.4538522,4.6520014,6.2298989,6.720871
01-Dec-2000,9.5310183,5.2125735,6.899044,3.0077426,5.3400745,4.2559614,5.1826549
01-Jan-2001,3.7740328,4.4716821,8.3381605,4.2317653,4.8796844,6.2520356,5.1671996
01-Feb-2001,6.1557894,4.6520014,6.0624623,5.5569863,5.7156301,4.4206114,6.2847943
01-Mar-2001,7.4107971,4.4451761,4.1964226,7.7961531,4.4515567,5.9716926,5.5350065
01-Apr-2001,4.7779603,6.45363,5.6921687,5.1293306,4.4451761,4.3519435,6.3047004
01-May-2001,7.4107971,4.8787599,5.8819642,3.8018117,4.3296804,6.8992872,4.8790188
01-Jun-2001,5.1594043,6.0153913,5.6410275,5.0099959,5.5569863,7.57969,5.1819758
01-Jul-2001,7.796154,4.2466111,7.0028682,5.0415449,3.211282,6.2918091,5.6089501
01-Aug-2001,6.4538498,5.3488684,7.2160859,3.4685581,3.8151808,5.4067221,5.1292915
01-Sep-2001,5.7158413,5.4063015,6.2771993,2.4232247,3.390466,3.9226024,5.4232011
01-Oct-2001,5.1293292,5.6569343,6.0624623,2.2475889,4.8827295,5.9317994,4.9583473
01-Nov-2001,4.0821996,5.5569863,4.0821996,4.2820044,5.9269466,4.0820704,4.8790164
01-Dec-2001,6.4538522,4.1413746,5.6712713,3.9233394,4.6520014,5.1304932,4.6520014
01-Jan-2002,5.3350506,4.5217571,5.7504544,3.4876976,3.9220755,6.7010713,5.0966454
01-Feb-2002,0,6.2794571,4.0820532,3.6367645,3.0371048,5.4502854,4.2559614
01-Mar-2002,3.2039361,4.908968,5.8335605,2.898747,3.3901551,4.4451761,3.5767255
01-Apr-2002,5.4067221,5.1293292,5.2655568,1.6807102,2.9828198,4.4451761,3.9220712
01-May-2002,6.8992872,5.2655625,4.5879607,4.082201,3.1667163,4.5694966,4.4451761
01-Jun-2002,4.9906359,4.9428687,5.7158413,0,3.628463,5.9044995,3.9220712
01-Jul-2002,4.8790164,4.8788319,3.7740328,1.1696029,2.8987536,7.2318001,3.5091319
01-Aug-2002,6.4538522,4.8412166,4.0820704,2.9558821,3.6366274,5.4067221,4.8788333
01-Sep-2002,4.2559614,3.7850258,3.6366274,3.3901551,3.1965418,4.4451761,3.5091319
01-Oct-2002,4.4735861,4.3483644,3.4401395,0,1.9802628,7.0375314,3.1867752
01-Nov-2002,3.4906168,3.5367141,3.5091319,0,2.9462006,5.7811632,3.2788711
01-Dec-2002,1.1040461,4.5120435,2.9544249,3.2789793,2.5158596,5.1293321,4.0821996
01-Jan-2003,2.0881422,4.5983472,4.6317945,4.2559614,2.5312738,4.7259307,3.9220755
01-Feb-2003,3.2789824,4.0821996,3.9223247,1.4981539,3.7740328,4.8790164,3.9220712
01-Mar-2003,3.4685581,3.9578948,3.8509872,1.5600926,2.3883796,4.5460768,2.9980865
01-Apr-2003,4.8788319,3.8839796,3.9220712,3.2005429,3.6257715,5.4070787,3.0205843
01-May-2003,4.2559614,4.2559614,5.1293292,.4788236,3.6813958,3.8451488,3.2558513
01-Jun-2003,2.8170877,3.9220712,4.4124713,2.1061561,3.1748698,1.5511715,4.7923942
01-Jul-2003,4.1003966,3.8833911,4.082428,0,2.9477475,4.2648873,3.9220712
01-Aug-2003,2.3530498,4.6520014,3.9229515,0,2.8955171,4.0821133,3.1748698
01-Sep-2003,4.4451761,4.3485069,2.8651245,0,2.9241891,2.7028646,3.6367645
01-Oct-2003,1.8018489,3.9220712,4.9864464,0,2.4769142,4.4451761,3.6367645
01-Nov-2003,3.6367645,3.4668131,2.6667459,2.1978166,3.0305321,2.0846186,3.0069654
01-Dec-2003,4.2559614,4.0922675,2.8170123,2.0202708,2.5975487,4.5460768,2.566777
01-Jan-2004,3.9220712,3.4739175,4.095922,1.8648541,3.1259513,4.0821977,3.9220712
01-Feb-2004,1.6529301,3.1514759,4.0827694,2.9558821,3.0771658,4.3106914,3.6367645
01-Mar-2004,1.8348405,3.7656736,2.7398975,1.6807102,2.9558794,4.2406654,3.2131248
01-Apr-2004,1.918281,3.4854615,3.3039885,3.1090608,2.197892,6.0504537,3.3006296
01-May-2004,5.073946,3.8918562,4.0821996,2.6668248,2.469259,4.8790164,3.3901551
01-Jun-2004,3.0771658,3.7740328,3.5090044,0,2.506777,5.0388627,2.964226
01-Jul-2004,3.9780905,3.0771606,3.9220712,5.1293292,2.6050651,5.5975518,3.6367645
01-Aug-2004,3.2523162,3.6957412,4.8788319,1.3078477,2.9194467,6.8992805,3.2552588
01-Sep-2004,4.2559614,4.1473222,4.2559614,3.6806333,3.2789843,4.5462403,3.3901551
01-Oct-2004,5.2185755,3.2789824,3.7039816,2.8057907,2.1506205,4.0823026,3.7979271
01-Nov-2004,0,4.2498555,3.3335922,2.5234423,1.9802628,3.9228241,3.8099811
01-Dec-2004,3.6367645,2.854203,4.5809536,0,2.9852962,3.7708027,2.976114
01-Jan-2005,2.4076104,3.6367645,4.0822029,4.2997804,3.9002094,3.8719823,3.8839858
01-Feb-2005,1.6529301,3.1933942,3.9220712,0,3.3900242,4.4451761,4.3677874
01-Mar-2005,4.0821996,3.884902,3.6367645,5.1293292,2.3867481,4.9282136,3.1388347
01-Apr-2005,4.8790164,3.7039852,3.077595,2.5158596,3.9225285,3.8226373,3.4685581
01-May-2005,4.5120435,3.6813939,3.4884415,.099743403,2.5317807,4.036974,3.9220741
01-Jun-2005,6.4538522,4.2559614,5.1293292,.88626647,3.6367645,5.5284224,2.8987508
01-Jul-2005,5.7158413,4.0821996,4.9271049,3.9220712,3.9229515,4.7254667,3.1748698
01-Aug-2005,6.8217621,3.6366274,3.8474941,.71174949,3.7740328,3.7960851,4.3802652
01-Sep-2005,6.8992872,3.9334071,4.3004704,0,3.2897704,5.2471304,3.2789824
01-Oct-2005,6.4538522,3.7740328,5.2750535,3.7740328,3.2861686,1.5126053,4.4739981
01-Nov-2005,2.1506205,4.3060489,5.8754358,1.9126248,3.9156678,5.6570373,5.1289277
01-Dec-2005,0,3.9222655,3.9226024,5.8840499,2.7587886,5.8268895,2.9544265
01-Jan-2006,3.5091319,3.8455589,6.440865,3.5091319,3.1807368,4.8790164,3.5716815
01-Feb-2006,2.4692612,3.0770752,4.1823602,2.2957525,4.0821996,2.5988166,3.6275036
01-Mar-2006,4.3291645,4.0821133,4.7957921,4.1385241,2.8987536,1.8013153,4.1803427
01-Apr-2006,3.3901551,4.4375839,3.9229515,3.4029734,3.3420258,4.4451761,4.8790164
01-May-2006,8.0042706,2.5913203,6.049046,2.8464847,3.8830874,2.9653006,3.4685581
01-Jun-2006,4.0821996,3.9226077,3.9638698,3.5091319,3.9229515,3.796572,3.0771658
01-Jul-2006,5.7158127,3.1748698,5.5880461,1.0929008,3.077481,6.1204929,3.923991
01-Aug-2006,4.0821996,5.231132,2.1983805,3.8099811,3.99439,4.9222536,4.7715492
01-Sep-2006,4.0005336,4.5605931,4.765574,0,2.9712832,6.6136236,3.5091319
01-Oct-2006,4.7091613,3.3039889,3.8935623,1.4888575,3.4321735,3.9220712,3.6049886
01-Nov-2006,3.2789824,4.5809536,4.960413,3.9220676,5.2518053,3.4684291,4.9068499
01-Dec-2006,3.9220712,2.9374568,4.7252884,3.3901551,4.0821996,6.5753808,4.0821996
01-Jan-2007,6.0153913,4.4997382,3.8953929,3.7738891,4.0273819,5.7893996,3.9405279
01-Feb-2007,3.3901551,3.9740317,4.0821996,6.8992872,2.8344417,5.2440586,3.4397626
01-Mar-2007,3.6179695,4.8790193,4.645206,4.9480042,4.7467446,6.0622339,4.8790164
01-Apr-2007,4.4134831,3.9220712,5.06427,3.6904557,3.4720399,4.0821996,3.6932242
01-May-2007,6.6768212,4.348361,3.8466282,3.1748698,3.1220024,4.6518245,3.7740328
01-Jun-2007,5.7158413,4.3677874,4.2559614,2.6145256,3.1849825,5.406517,4.0821996
01-Jul-2007,2.2884295,5.3117361,5.150754,5.1291428,4.2891579,3.4401426,4.4016867
01-Aug-2007,5.7158413,3.9106243,4.1383672,4.0821996,4.8790135,5.5713954,3.7271395
01-Sep-2007,5.1293292,4.4850569,5.7158413,4.2443051,2.5312448,2.9558816,5.370419
01-Oct-2007,4.8790164,4.4451761,3.923475,3.8282151,3.8466282,3.3771148,4.4650655
01-Nov-2007,6.4538522,4.2086382,3.9607716,4.7252917,3.6367645,3.1865771,6.0624623
01-Dec-2007,6.5427828,3.9299107,5.1293292,2.9757745,3.4428794,3.9220712,3.3901551
01-Jan-2008,5.1304932,2.8170877,3.7039888,1.724179,4.4171267,3.9220676,3.2353635
01-Feb-2008,4.6520014,3.9499607,4.0819302,5.7158413,4.0003886,3.6366274,4.9500666
01-Mar-2008,1.6551189,4.8840175,4.4451761,4.0470462,4.6520014,4.1730671,3.4191372
01-Apr-2008,3.9220712,4.4171267,5.8956165,3.1748698,4.7785354,3.9609101,3.7041235
01-May-2008,6.4538522,4.138382,4.0821996,4.0821996,3.0410054,6.6939454,5.129333
01-Jun-2008,4.8790164,4.0820704,4.0821996,1.9242254,3.2789824,4.6406407,5.4067221
01-Jul-2008,4.8790193,3.6228967,5.1293292,4.0821996,3.3901551,4.703208,3.7729173
01-Aug-2008,3.3901551,4.7290092,3.2788744,3.6367645,3.3534725,4.6796517,3.3032339
01-Sep-2008,6.4538522,4.4997368,5.3540783,3.5084095,2.631417,1.6260521,3.0305321
01-Oct-2008,2.5698442,3.9220676,4.6520014,2.166151,2.955879,7.2495499,4.3485112
01-Nov-2008,3.2789824,4.2559614,4.6516538,2.2282901,3.5160396,3.9229515,3.0077426
01-Dec-2008,.040008917,3.4196329,4.0821996,2.1787369,3.5268176,3.2670767,3.9220712
01-Jan-2009,6.8546572,2.3167059,2.9558821,0,4.4451761,5.1959767,3.3522723
01-Feb-2009,5.9211855,2.9852962,2.1983805,4.8790164,1.6529301,5.1289277,3.1090586
01-Mar-2009,3.3098428,4.0821996,3.2789824,1.444067,1.5070187,5.5967803,3.0077426
01-Apr-2009,4.0821996,2.988169,2.0201948,3.4840534,2.9500666,5.6572256,2.5975487
01-May-2009,1.2071536,4.0818791,3.2789824,2.8170877,3.297004,4.617815,2.8431981
01-Jun-2009,3.9226024,2.9516764,2.4096603,1.143958,0,3.5091319,2.5317807
01-Jul-2009,2.7398975,3.0716069,1.8691447,2.9947085,1.5878862,5.5569849,2.5975487
01-Aug-2009,0,2.8986506,.71174949,0,.52770436,3.4684291,.9419198
01-Sep-2009,.33278027,2.5975487,.8032164,2.7587931,2.0269387,3.6866438,3.304786
01-Oct-2009,.55402017,2.7973826,1.7314233,1.6002538,2.1027377,3.109514,2.5988166
01-Nov-2009,0,2.3530498,.0036400636,.68729055,2.2472856,3.9221759,1.9802583
01-Dec-2009,0,.58997166,1.886771,0,1.3423008,3.0863547,0
01-Jan-2010,3.2789824,2.7830048,.76162118,.99323303,1.6660444,3.8870752,.24560022
01-Feb-2010,0,2.6667459,.71149379,2.9206071,.59844434,2.0619304,2.9429317
01-Mar-2010,3.1649427,1.193028,3.2789824,0,1.3401433,.0096975025,2.0766945
01-Apr-2010,1.2071536,1.9802651,1.5747789,0,1.2685127,1.9698614,1.617292
01-May-2010,0,1.9609489,0,0,.58651417,4.0827818,1.3245227
01-Jun-2010,0,1.8742203,2.9766848,2.8987536,.58610922,4.0821996,1.6231222
01-Jul-2010,2.9153264,2.008678,1.3422474,0,0,3.0770681,2.1561852
01-Aug-2010,3.0459208,2.3698266,1.9760301,.9600988,0,3.5930648,1.1928591
01-Sep-2010,0,1.5258646,2.7912383,0,1.3793322,3.0140307,2.3727572
01-Oct-2010,1.6129366,1.8349092,.15820856,.80322027,0,1.1834503,1.3605652
01-Nov-2010,.91324604,1.2965012,1.7699577,0,1.8017869,1.8017869,2.4630253
01-Dec-2010,0,2.5316763,.99503684,0,2.8987536,.0040742354,1.8928022
01-Jan-2011,0,1.9418133,2.4692612,0,2.690747,1.8133838,1.9418086
01-Feb-2011,0,1.7751901,2.9557726,0,2.4454715,3.3970115,1.0050354
01-Mar-2011,4.2559614,2.0619287,1.1696084,0,1.7926638,3.6246071,1.1566613
01-Apr-2011,6.411665,.32310328,2.4692612,2.6668248,1.8868467,1.418403,1.9037201
01-May-2011,0,1.7544293,2.8987536,0,3.5091319,2.7493114,2.0693455
01-Jun-2011,0,1.0380707,1.9418086,.99503684,1.9544609,1.0711609,2.8987536
01-Jul-2011,0,1.8484796,1.6327064,0,2.5316787,.95665592,3.287607
01-Aug-2011,1.8018506,2.6858275,3.5786302,0,3.5109205,0,1.1741862
01-Sep-2011,0,1.5504186,2.4691703,0,2.2934968,1.5113599,2.4862263
01-Oct-2011,4.8790164,1.8512971,2.4692612,0,2.3933818,4.5120435,1.5113599
01-Nov-2011,4.8788319,1.7251787,3.2788711,0,1.9779594,3.9231775,1.9845306
01-Dec-2011,1.438823,1.4815086,0,.53050727,2.4692628,1.2519813,2.0396638
01-Jan-2012,.024466051,1.0959055,3.1498637,2.469259,3.3900201,.36065018,2.2678025
01-Feb-2012,2.2929235,.93020529,2.0474808,0,2.3530498,2.2989519,2.6668248
01-Mar-2012,1.2405418,2.1639199,1.9651321,0,2.9459503,0,1.271876
01-Apr-2012,2.4692612,1.6124668,4.1962638,0,3.8900757,.76506114,1.9938781
01-May-2012,0,.48504418,2.1402123,.45790932,5.2158241,.25011006,1.962254
01-Jun-2012,0,2.038995,1.9802628,1.7391742,3.5483603,.79089975,2.7398975
01-Jul-2012,0,2.1218245,3.2788711,.60423374,3.7681031,1.1976191,2.3530498
01-Aug-2012,2.2330849,0,2.8170111,0,2.0619235,.35335693,1.9802661
01-Sep-2012,3.7041271,2.7393274,2.5652392,.57306969,2.8233612,2.7315786,2.9348476
01-Oct-2012,2.4532075,1.4888575,3.1898801,0,2.8903747,2.8986506,2.4692612
01-Nov-2012,3.2789824,1.4815086,2.4097552,.0007736244,2.8986492,3.5342159,3.3191381
01-Dec-2012,0,2.4770067,1.1472402,3.0771658,3.1748698,1.8691384,2.2263
01-Jan-2013,2.5315733,1.9705052,2.8987536,0,2.4692612,.52287406,2.0619287
01-Feb-2013,4.7785354,1.168088,4.0817628,1.4815142,2.8169794,2.3582277,2.6539474
01-Mar-2013,3.9229515,2.0521653,3.9220712,0,3.1875179,0,2.2858226
01-Apr-2013,3.7738853,1.9240174,2.3479886,2.9558821,1.9802661,0,1.5748357
01-May-2013,0,1.0138621,4.2334323,0,2.7414918,2.9947085,2.7792056
01-Jun-2013,2.3810649,.96665698,3.6950097,1.0330611,3.1322505,1.4388701,1.9802628
01-Jul-2013,4.082202,1.8418574,2.002506,2.580786,3.6367645,2.105341,1.5226455
01-Aug-2013,1.2903405,2.5313909,1.4814532,.62696368,2.8987536,2.3530498,2.6386755
01-Sep-2013,3.3341179,.86738974,1.5037262,0,2.955879,3.3901551,3.0771658
01-Oct-2013,4.021493,2.3530438,1.8017905,1.1299491,2.2178977,1.599978,.94787478
01-Nov-2013,2.2989519,1.9732827,2.2666922,1.9293215,2.3197639,0,1.8928022
01-Dec-2013,2.5056591,2.172657,2.6316376,2.9675767,1.9910156,1.4652263,2.8764429
01-Jan-2014,3.9229515,1.2992164,2.4355693,2.105341,2.7615197,3.9225285,2.3716505
01-Feb-2014,2.678103,1.652926,2.8170877,0,3.2087049,2.7051222,2.2756965
01-Mar-2014,3.4209831,2.8986492,2.3532672,.63897616,2.4691715,5.1293292,2.4765999
01-Apr-2014,2.4612648,1.6528753,1.9934227,2.7398975,4.0821996,2.2703311,.68104517
01-May-2014,0,1.6260521,3.0771658,1.9705052,2.5988166,1.7072811,2.0619287
01-Jun-2014,2.6893277,1.6529286,1.1705592,1.2422568,3.0459185,2.020272,3.0209486
01-Jul-2014,.52038366,1.9169928,3.1090608,0,2.7144802,3.1017978,2.8170877
01-Aug-2014,0,1.9519775,3.2789824,1.9833164,2.4692588,2.3716526,2.8987536
01-Sep-2014,2.9421461,2.6668248,4.6518168,3.0771658,4.2559614,1.9802628,3.543957
01-Oct-2014,4.5460768,2.7398975,2.8166955,.26513258,3.0129766,1.1834047,4.2559614
01-Nov-2014,3.0771658,2.9372747,0,1.68066,3.7079885,4.4451761,2.9172599
01-Dec-2014,2.9423051,3.1620545,4.4451761,3.3901551,3.2788711,1.5746187,2.1394539
01-Jan-2015,0,2.6177649,3.1748698,4.587059,3.41468,3.6367645,3.6025825
01-Feb-2015,0,1.9934227,4.3411889,1.3245214,4.5809536,4.0820704,2.9852962
01-Mar-2015,3.3901551,3.0771658,3.9231012,3.8151808,4.3801055,3.0771658,3.390034
01-Apr-2015,5.6515894,2.8170877,5.4067221,6.4538522,3.9226077,3.2752781,2.540591
01-May-2015,2.1506205,3.3901551,2.8169794,.99876487,3.0771658,0,2.7789989
01-Jun-2015,.27247557,1.7937683,3.5091319,3.1748698,4.0821996,3.6680405,3.3901551
01-Jul-2015,6.5957966,1.1469649,4.4450145,4.5118647,3.9220712,3.1581492,1.5504172
01-Aug-2015,5.1293292,1.1043671,1.5803113,3.2789824,3.7738853,3.390034,2.5316763
01-Sep-2015,2.0834086,2.7028646,4.8788319,1.2120928,2.8844759,0,3.9224279
01-Oct-2015,3.5227313,2.898751,.91325188,4.1242919,1.9802651,3.7076523,2.9222829
01-Nov-2015,.31948879,3.3621986,4.0820532,.25348169,3.0771658,3.4444683,4.1499729
01-Dec-2015,2.9558821,1.652926,4.3085217,3.077163,2.4704275,3.923991,3.1797495
01-Jan-2016,5.1293292,2.2814691,3.60004,4.8202057,4.7405405,1.056993,5.2643733
01-Feb-2016,2.0347188,3.4133008,3.4772971,5.4067221,4.0639482,4.0821996,3.7039895
01-Mar-2016,2.0202034,2.9049966,3.4215069,7.4107971,2.2472856,2.5317807,3.4027965
01-Apr-2016,5.7158413,3.8918116,2.7907767,5.3415647,2.9362888,3.1498637,3.485709
01-May-2016,3.5091319,3.5719161,5.4456158,3.3487008,3.2789848,3.5945837,4.5809536
01-Jun-2016,1.3343438,3.9226077,2.8987536,4.8790164,3.252316,6.0624623,4.4451761
01-Jul-2016,4.0821996,3.9609199,3.6366274,1.5185337,4.6288891,1.335863,2.4097552
01-Aug-2016,6.2520356,3.8052197,2.8170877,2.5988166,2.4704814,5.2568669,3.9231775
01-Sep-2016,4.9266253,4.0820532,3.9827826,6.4538522,2.4317284,4.5120435,4.8790164
01-Oct-2016,.8201226,4.0820704,4.556129,5.1291513,3.4206765,6.1983576,5.2669868
01-Nov-2016,2.9413886,3.7740328,3.0771658,3.7740328,3.7740328,3.2789824,5.6380324
01-Dec-2016,2.8170877,2.9558852,2.8170877,2.8170877,3.4772992,4.1498075,2.2264349
01-Jan-2017,5.2355266,2.4691715,3.773881,3.0771658,2.9558775,6.8406048,3.3901589
01-Feb-2017,1.8041309,2.6466639,4.0820484,3.2789824,3.1748698,5.6695328,4.6520014
01-Mar-2017,0,2.9558775,4.0821996,3.9220712,3.5591528,4.6155314,4.8009219
01-Apr-2017,0,4.2202263,3.9223261,2.8808551,4.6640077,2.9766848,2.4692612
01-May-2017,2.7939382,2.7398975,2.8169794,3.7740328,4.0821996,3.9220712,3.8466282
01-Jun-2017,3.4486177,2.8431981,3.6366274,3.6367645,2.7398975,2.8749444,3.1748698
01-Jul-2017,2.2472856,2.256027,4.0821996,4.322875,2.1506205,4.2559614,4.8790164
01-Aug-2017,4.6520014,4.6938248,3.7039852,4.7540917,3.5660951,2.1978908,2.7398975
01-Sep-2017,6.4538522,3.4191387,2.20051,4.8790164,2.8634262,5.6550164,2.9558794
01-Oct-2017,6.6120605,3.440459,3.3900361,2.5317783,2.4691617,2.3167315,3.2789824
01-Nov-2017,2.9558802,3.0907571,3.9229515,0,4.4451761,3.0771682,4.8790164
01-Dec-2017,0,2.3530498,3.7740328,4.7374229,1.5717402,2.3065252,4.1473222
01-Jan-2018,6.8992872,2.1506205,2.9558828,4.4451761,4.8009219,1.5747813,3.6370082
01-Feb-2018,4.3801055,2.8170111,3.9226077,3.5023,2.9565897,3.8419592,2.8986506
01-Mar-2018,3.2836008,4.0054483,3.8217034,5.3149304,5.2268877,1.6832833,5.4067221
01-Apr-2018,0,2.9558794,3.1008146,4.0821996,4.0824757,5.7156286,1.5206151
01-May-2018,3.7740328,2.7398975,3.9223261,4.0821996,2.7736802,1.9633921,3.8208044
01-Jun-2018,4.3675079,3.1742089,3.9740329,3.8678896,3.7039852,2.6547422,6.0624623
01-Jul-2018,1.438823,3.2424815,3.9665234,3.0771658,3.386456,1.6753167,4.0821996
01-Aug-2018,3.685246,3.6367645,4.0820704,3.0986934,1.7834829,4.6541743,2.545454
01-Sep-2018,4.0821996,3.4723418,4.0820408,0,4.0821996,4.6520014,3.9220712
01-Oct-2018,3.9220712,3.2087007,5.4067221,1.737222,5.5749993,2.9136608,4.3971581
01-Nov-2018,6.4538522,3.7042336,3.9470487,4.8790164,3.8208044,4.9813719,2.9871955
01-Dec-2018,5.4070835,3.0771658,3.2789824,6.8992872,4.7754412,2.3530498,2.5317807
01-Jan-2019,4.6520014,3.4444683,4.0005336,2.7398975,4.8850513,3.1747694,4.0821996
01-Feb-2019,4.3613968,2.5050757,2.6319788,3.3901551,5.1017814,.50915504,4.6520014
01-Mar-2019,6.1695795,3.1855175,4.2562428,2.9776797,3.7537961,2.8986506,5.1293292
01-Apr-2019,5.5059776,3.4486177,4.7259307,6.6691375,4.5458088,2.7986951,2.0873783
01-May-2019,3.9220712,2.9706526,3.9224277,6.1166458,2.6668248,2.6668248,4.8790164
01-Jun-2019,6.0624623,3.4789271,2.5237117,8.7011375,4.1361737,2.1978209,4.6520014
01-Jul-2019,3.2789848,3.6179695,3.7740328,2.7398975,4.0820456,3.1816044,4.4646883
01-Aug-2019,3.1500375,1.5267472,4.8790164,.06535814,3.2306559,4.0821996,2.5975487
01-Sep-2019,2.6024413,3.9220712,5.6352935,4.8788319,2.9977484,5.4075513,4.8790164
01-Oct-2019,3.6366346,4.4451761,4.8790164,2.8987536,3.9220712,1.1385293,2.5191905
01-Nov-2019,5.02772,3.3901551,5.6259184,3.9224277,4.0272484,4.5047469,4.1141949
01-Dec-2019,5.4067221,3.6367645,3.5091319,5.1293292,2.9852962,2.6317284,3.390152
01-Jan-2020,4.7067509,2.7398975,4.2562428,5.4067221,3.1748743,3.9226024,5.1587348
01-Feb-2020,4.2559614,3.1748698,3.5091319,1.438823,4.5462375,2.8220155,3.390466
01-Mar-2020,6.0622292,2.7398975,4.8202662,0,4.0821996,2.8220541,2.3530498
01-Apr-2020,3.5091319,2.9852962,3.6812553,1.3700519,3.4880304,3.045922,3.0023677
01-May-2020,4.6349025,4.7259355,4.2562428,3.9226024,2.4756269,6.2041349,4.8793378
01-Jun-2020,2.8986382,2.8749444,4.8790164,5.1293292,1.8435942,5.0556393,4.8426638
01-Jul-2020,5.5569849,3.2788711,2.9766848,1.7544292,1.1767266,4.9273286,3.4191365
01-Aug-2020,5.1291513,2.9905496,3.3527262,0,1.1428223,4.2559614,3.2134757
01-Sep-2020,5.8842182,4.6526365,1.4034362,3.8048074,2.3530498,5.4070854,4.4451761
01-Oct-2020,3.7041271,3.8419132,3.4251335,3.9220712,5.2185755,1.9802672,2.8987536
01-Nov-2020,3.4203548,1.9231343,3.7740328,5.4067221,3.6367645,4.473588,4.8790164
01-Dec-2020,4.2559614,3.2789824,2.7272112,3.2789824,4.0820408,6.2969837,1.9312282
01-Jan-2021,6.0624623,4.0821996,3.030535,1.5747813,.84746194,3.8226373,4.0821996
01-Feb-2021,6.0624623,2.8169794,3.7734988,3.8466282,4.0821996,4.1962681,4.5462375
01-Mar-2021,2.6057529,3.3900361,4.3454332,3.0305321,2.3530498,2.0619287,2.8399479
01-Apr-2021,1.8018506,3.0770681,3.773881,1.6528687,1.9802928,0,4.4450092
01-May-2021,3.9220712,1.6807119,3.6367645,5.7156405,3.390034,1.1834458,4.4200921
01-Jun-2021,4.9190278,2.1505325,2.8172729,2.2487259,3.92225,4.0821996,3.8985424
01-Jul-2021,4.2559614,4.8790164,3.6375897,8.0048018,4.2559614,4.6189384,5.3584223
01-Aug-2021,0,3.6180949,5.4067221,9.8440075,3.7740328,0,3.4517534
01-Sep-2021,3.6367645,5.7160707,3.1959348,3.1499751,2.9171362,4.4221878,5.608726
01-Oct-2021,2.8987536,3.5091319,5.608726,2.5479062,4.6518335,5.2229905,4.3677936
01-Nov-2021,1.4283319,4.4450231,4.3017344,5.2643733,7.8471618,.74795443,5.4067221
01-Dec-2021,10.536052,4.6955156,5.7156405,7.6675329,4.4451761,4.8790164,6.0624623
01-Jan-2022,4.6520014,5.3244514,7.5223422,7.696104,4.8793368,6.4868031,7.2759356
01-Feb-2022,4.0821996,4.9834347,7.696104,8.7011375,4.8890433,4.8790164,10.008346
01-Mar-2022,7.2820797,4.5985069,5.3246431,6.4538522,6.4538522,4.0421462,6.0624623
01-Apr-2022,4.4884524,5.9423423,7.6576538,9.5310183,7.1458964,6.4538522,7.4989476
01-May-2022,7.4107971,6.0921345,6.4538522,8.3464909,8.0042706,6.9994426,8.0046606
01-Jun-2022,7.0204258,6.8992872,3.9223261,9.6849813,8.7012577,4.4450145,7.4107971
01-Jul-2022,4.3485112,6.8990407,5.039896,6.4538522,5.5258112,5.2188277,7.9373574
01-Aug-2022,5.4067221,5.4104257,6.6691375,6.4538522,6.4538522,7.7728529,4.7252874
01-Sep-2022,5.7158413,5.0867195,8.5154953,6.4542809,6.0624623,5.9423423,8.3381605
01-Oct-2022,6.5957747,6.725811,6.9230843,8.0042706,4.7178559,2.8991492,5.7158413
01-Nov-2022,2.1400607,6.6489763,6.4354634,6.4538522,9.5311537,4.6842923,4.8790188
01-Dec-2022,8.7011375,5.5485172,5.8270173,4.6520014,4.2598534,4.8789849,7.4107971
01-Jan-2023,7.2100592,6.721981,3.9229515,8.7011375,5.8840499,3.9145124,6.0624623
01-Feb-2023,8.7011375,4.8790164,5.5569849,7.4107971,7.5497971,6.2520356,7.0204258
01-Mar-2023,.93313038,6.156363,7.19735,6.5294709,6.9437227,6.9526062,7.0769057
01-Apr-2023,5.1293292,5.0010419,6.0622363,5.7158413,6.0624623,4.0820484,5.8268909
01-May-2023,6.8992872,5.180233,7.696207,5.4067221,6.0106068,8.7012577,6.0622363
01-Jun-2023,7.696104,5.3856668,6.7198029,6.0363193,1.1978225,6.1557894,5.7158413
01-Jul-2023,6.4432373,4.9595275,5.608726,4.8790164,4.9871807,4.4458904,4.4451761
01-Aug-2023,.02982348,4.7269244,6.4538517,3.8222506,4.4451761,7.4803343,4.2559614
01-Sep-2023,4.0821996,4.6518168,4.9847789,4.6520014,4.8790164,7.4105158,6.0624623
