date,WGT_pac,WGT_esc,WGT_wsc,WGT_mnt,WGT_nen,WGT_sat,WGT_wnc,WGT_enc,WGT_mat
01-Jan-1997,4.5079579,3.7537961,3.9220712,6.5382757,4.0821996,4.6469359,4.9479761,5.6315155,3.1657276
01-Feb-1997,4.257791,2.9600458,5.4067221,6.1557894,5.2643747,3.6367645,4.7939477,5.0010476,4.4451761
01-Mar-1997,3.9221759,4.3483644,5.7158413,4.4451761,2.8675773,4.8455896,6.3248968,5.5057721,4.7252917
01-Apr-1997,2.2785082,2.9853005,8.2235718,4.8788271,3.2789824,7.6959643,4.4115462,5.1293292,4.3802652
01-May-1997,3.7740328,6.4397602,4.0821996,5.4067221,4.5748773,3.8151808,4.4450746,5.1293292,3.5366442
01-Jun-1997,5.4067221,4.2559614,5.7158389,6.4538522,3.7675653,5.6663866,4.5462375,4.3485112,4.5985069
01-Jul-1997,4.8059635,5.6089501,4.4735861,9.5310183,5.1585803,3.9220712,4.8790164,5.8356175,4.4335833
01-Aug-1997,4.2559614,4.6043954,3.6813972,4.2132468,5.4067221,5.4067221,5.7158413,3.884902,5.5059485
01-Sep-1997,5.5292177,3.9220712,5.2922401,5.9316597,3.7387497,5.6399579,4.915359,4.6184039,4.5118675
01-Oct-1997,3.545248,3.4876976,4.6520014,6.5813217,6.4538536,5.322474,7.210331,6.4399023,4.0821996
01-Nov-1997,4.8790164,4.7764573,5.4067221,7.9249392,5.8944297,4.3483591,4.2265239,4.8788319,3.7555358
01-Dec-1997,5.310986,6.1848245,5.2869425,6.4538522,5.1291428,5.129283,5.7158413,4.8788319,3.3901551
01-Jan-1998,5.7629099,3.6367645,8.0852118,5.6816492,4.8790164,4.332263,4.8790164,4.4451761,2.9852962
01-Feb-1998,4.5610499,5.3574467,3.9220712,4.928813,4.3825512,5.1293292,5.4067221,4.7923985,3.2794235
01-Mar-1998,4.0821996,5.2340569,4.5171695,5.1291337,5.1293292,5.1293292,5.7158413,4.9686251,4.0821996
01-Apr-1998,4.4451761,5.6570373,5.6089501,6.8992872,5.9145112,6.97333,5.4260693,4.1671348,5.5579042
01-May-1998,6.1595821,5.4382024,6.4538531,5.0388627,3.7139609,6.0624623,5.1293292,5.8840499,4.8790174
01-Jun-1998,5.62397,6.899034,8.7011375,6.3294821,4.1839681,5.5977077,5.4724879,6.0624623,4.0004015
01-Jul-1998,4.8790164,2.9558821,6.0363193,5.4566236,7.4723544,5.903214,5.9898086,5.1291513,5.3740978
01-Aug-1998,7.0554895,4.5462332,4.8780279,4.932972,4.0821996,6.5751357,5.28757,6.5004873,3.923599
01-Sep-1998,7.4107971,3.7740328,4.1437206,3.264523,4.8790164,5.1293292,5.5569887,5.4067221,4.4451761
01-Oct-1998,6.8990326,4.3380256,4.5256591,5.4067221,3.520628,6.0616202,6.8992872,4.0821996,5.3117361
01-Nov-1998,6.4542837,4.7067542,6.2520356,4.8790164,4.0301347,4.8788319,6.0018048,7.0931396,4.1964183
01-Dec-1998,5.6570358,6.4541965,7.4364471,5.7410874,5.1293292,4.6520014,6.4536324,5.1293278,4.6520014
01-Jan-1999,5.9316597,6.2346587,4.6997213,4.7896209,4.6838412,5.8534236,3.9221759,3.4728296,4.0718174
01-Feb-1999,5.1761956,5.3456464,4.878871,5.9088902,4.6168437,6.0624623,7.4105144,4.548758,4.8788319
01-Mar-1999,5.1293292,4.0821953,6.4538522,10.536052,3.9468343,6.45363,6.6689062,5.1293263,6.1652818
01-Apr-1999,5.7629952,6.0624623,5.000843,4.2820044,3.92399,3.0068412,5.7158413,6.1875405,5.1083627
01-May-1999,4.4438901,7.3203392,6.4538522,5.1420913,4.5610499,4.8405657,5.9719248,5.1293292,5.1319375
01-Jun-1999,4.0821996,5.8842182,5.4067221,3.9223559,4.7226348,6.45363,5.3049212,4.9732614,5.1574397
01-Jul-1999,5.1293292,5.7572742,4.8790164,4.4032302,5.1293292,5.6695304,7.2317977,5.0008526,3.9231775
01-Aug-1999,4.4012699,3.0272655,6.5739689,4.0821996,5.0429063,3.9220712,4.9781713,5.8840499,4.8790164
01-Sep-1999,4.7554469,4.0821996,5.8417721,6.6525989,5.1293292,6.3914371,4.2559614,6.4536304,4.3377929
01-Oct-1999,4.6520014,5.5119324,6.4538522,4.878849,4.8886867,6.2520356,6.3645229,5.4065342,5.3204041
01-Nov-1999,5.3489943,5.8496203,4.4125252,4.0821953,5.1293292,4.7804461,5.8268929,5.8410707,4.8790121
01-Dec-1999,5.7571363,4.1368489,3.5218117,5.6882768,4.6518335,5.1293292,4.0821996,4.9282136,5.4067221
01-Jan-2000,6.4525514,3.5579937,4.4451761,4.5120435,7.4105082,5.7158413,5.0010419,4.6520014,4.2559614
01-Feb-2000,4.1122527,5.8500319,4.4451761,3.3901589,5.2643733,6.0607076,4.2259836,5.4067221,5.9818468
01-Mar-2000,4.0827837,4.3345714,4.8790145,4.9327927,5.1164169,4.7664661,5.9423423,4.4154801,5.4488173
01-Apr-2000,5.1293292,3.1311202,5.8840499,4.0821996,5.2367983,6.8992872,5.715672,4.7447095,5.1293292
01-May-2000,3.9229515,2.5975487,7.3742194,6.3770943,3.6367645,4.2559614,5.5569887,5.7158413,6.0624633
01-Jun-2000,5.9088902,4.7252917,4.8790164,6.0624623,5.7158413,5.129333,4.8790164,5.7629156,6.4972448
01-Jul-2000,4.2559614,6.8992872,3.4632363,6.8992872,5.7893953,5.9316597,5.766211,4.6792116,6.1565375
01-Aug-2000,5.7241373,4.8202057,4.8790164,5.1293278,5.7156405,5.3107915,5.0655813,5.4067221,5.4941082
01-Sep-2000,6.276228,6.1557837,5.8848791,6.8992872,4.0546122,4.779067,6.8992872,3.6367645,5.2813282
01-Oct-2000,5.8488436,7.4107971,5.6086965,4.8467693,4.7950163,7.4105129,4.5403924,5.0814948,4.5460792
01-Nov-2000,6.720871,4.8790164,4.1621695,5.443522,7.2320633,5.0124407,4.3825512,6.1613717,7.4107952
01-Dec-2000,4.2559614,5.9898138,4.8790164,3.7740328,4.2559614,6.8990326,5.0010419,6.2698617,4.5120463
01-Jan-2001,5.7817445,3.9045715,2.5316763,7.4105129,5.7158413,7.8893971,5.310986,4.7252884,4.0821996
01-Feb-2001,7.4107971,4.5460725,4.4082484,5.7158413,5.7158413,5.3107915,5.4067221,4.8790164,5.7671304
01-Mar-2001,7.3025136,5.1293292,4.5462375,4.9871807,6.2437615,3.9220712,5.8848753,5.0750799,4.2167182
01-Apr-2001,6.0622292,5.8268852,7.4107971,6.4567609,5.5059776,4.860043,3.5221357,4.5947852,6.0624623
01-May-2001,6.8990455,3.2789793,5.9899721,3.9849215,5.866785,4.7628002,5.5569849,4.4451761,4.6520014
01-Jun-2001,5.7763834,6.0064206,4.7750673,5.6695328,6.8992872,5.7158413,4.8788271,4.7162261,6.6249385
01-Jul-2001,4.2048283,6.4538522,7.4533119,5.9431548,6.0578117,5.6073084,4.5120416,6.2520356,3.735575
01-Aug-2001,5.1293292,2.5310316,5.4067221,3.9226024,6.8992872,5.6466594,3.9220712,6.4542809,4.8790164
01-Sep-2001,4.4417095,8.0042706,7.4107971,5.3540783,4.5462413,4.2806692,5.0796947,4.2559614,2.974194
01-Oct-2001,4.8790121,6.4538522,5.7156329,6.4540348,3.922071,4.5985069,4.7259307,5.1293292,5.1293292
01-Nov-2001,5.7158413,3.1304605,7.7355108,5.4067221,3.6367645,3.7740328,4.2711077,5.9269466,4.0821996
01-Dec-2001,6.8992872,1.7940414,4.3523097,3.6367645,6.8992872,4.0819411,3.1548357,4.4152093,6.4538522
01-Jan-2002,5.5569849,2.9756911,5.5569849,5.1168294,4.2562428,4.8788319,3.7039852,4.1022964,5.5884447
01-Feb-2002,5.9716926,3.4452765,4.8553085,3.0304101,9.2314701,4.4550862,2.4692612,3.9705327,3.9220712
01-Mar-2002,4.7343245,5.3540783,2.8425467,4.0820651,6.2838492,4.4072194,5.1293292,3.390152,4.1964226
01-Apr-2002,7.696104,5.5089974,2.5277796,4.7785306,4.000411,4.6520014,6.0624623,3.2788711,2.1978114
01-May-2002,5.7158413,2.5988166,4.2559614,5.7158413,4.8971267,3.2789824,4.4451761,4.2820044,5.0585427
01-Jun-2002,5.6593676,2.1978908,5.0325036,2.7212539,3.125953,3.9220698,4.2559614,5.1293292,3.7740328
01-Jul-2002,4.5815816,4.5460768,3.9226024,4.0821996,3.8218036,4.0821996,3.7740328,3.1748698,3.5091319
01-Aug-2002,3.9226024,5.3107915,4.2559614,5.7166386,4.8790164,4.9291244,3.0305369,4.9896922,3.571805
01-Sep-2002,3.9229515,6.5106521,3.488728,3.6861606,4.5462375,2.247288,3.2588792,3.3749006,3.6855106
01-Oct-2002,3.73558,4.0821953,3.7674847,5.3481178,3.5091319,2.1506219,4.3802652,3.3901551,3.9220712
01-Nov-2002,4.0821996,1.5267434,1.5045996,4.1671348,.023385152,3.6749482,3.2088315,3.6367645,2.8979025
01-Dec-2002,5.4829769,2.9558806,2.9558794,5.827692,3.6367645,2.1506205,4.8790121,3.476289,3.5120673
01-Jan-2003,4.5983472,2.5975463,4.0821996,4.0491362,5.8942561,3.9050498,3.9409218,3.7076142,3.9220712
01-Feb-2003,5.1293292,4.4700136,2.7194002,3.6367645,4.0821996,3.0771658,3.8897669,3.4401381,3.9220707
01-Mar-2003,4.2559614,2.9262657,1.5268894,3.9229515,1.390395,3.8166368,3.4938018,2.9766848,3.7740328
01-Apr-2003,3.0771658,4.8009219,4.0421906,5.2304378,3.7740328,2.4692612,3.0771136,3.5411978,3.7740328
01-May-2003,4.7146764,5.1725979,3.4421656,2.6316361,4.2559614,2.9766848,4.2761841,3.2789824,4.8790164
01-Jun-2003,3.5091319,5.2123199,4.2559614,2.7398975,3.1748698,3.1956787,3.7919197,3.4033463,3.1313682
01-Jul-2003,4.0920758,4.9331112,.16953783,3.7738853,4.4451761,2.7549953,4.0296865,3.9226024,2.9386253
01-Aug-2003,3.0770495,4.2056155,5.1293292,4.4451761,3.6367645,2.9766848,3.4466944,3.3396037,3.021378
01-Sep-2003,3.3248918,4.8009157,3.3900361,3.2789824,1.652926,2.8987556,3.9513936,2.4896638,4.4451761
01-Oct-2003,2.6157286,3.7271359,2.8494568,4.2559614,3.1914184,5.1058064,2.7476857,3.2421763,3.4912336
01-Nov-2003,3.5627205,2.1828949,2.9852962,4.7165489,3.2985182,2.9836195,2.9558852,3.0771658,2.6668248
01-Dec-2003,3.0771658,2.1978908,2.8170877,3.9220738,2.4901686,3.9223261,3.7039816,3.3901551,2.4326317
01-Jan-2004,4.095922,3.9452848,4.4451761,2.5975523,3.9007154,4.0388093,3.6823609,2.5540795,3.408973
01-Feb-2004,2.8168607,4.6520033,4.2559614,3.3900375,3.4887226,3.9226024,3.5065155,2.5511603,3.7740328
01-Mar-2004,3.5091319,2.8170877,1.9802583,3.7039852,3.6367645,3.3522692,3.1026275,2.7398975,3.9220676
01-Apr-2004,2.197892,4.4451761,2.4903417,3.3901551,2.8170877,2.5317783,4.6520014,3.0459208,4.3757029
01-May-2004,4.0821996,2.4691703,3.3663735,2.5133133,4.0821996,4.0821996,3.0767357,3.2789824,4.8665147
01-Jun-2004,3.9033973,5.7926836,3.9220712,.27739021,2.5317783,.029901713,3.8290918,3.5098293,2.3788848
01-Jul-2004,3.5091319,3.7096243,3.7483084,3.7740328,4.2559614,3.6367645,3.3901551,3.2203109,5.0008478
01-Aug-2004,3.0239918,2.8217652,3.9258258,3.9228241,3.1146731,3.9220738,3.6643445,4.0826654,.83682817
01-Sep-2004,3.7745221,1.7391742,3.7740328,3.7740328,2.6743267,4.8790164,4.8790164,3.9220676,3.8631396
01-Oct-2004,4.0821996,4.0821967,4.7091613,3.2789824,4.1962638,3.1869166,4.1132984,2.9323635,1.8348405
01-Nov-2004,2.1276622,.44349545,1.5447166,4.4378686,3.1657276,3.930414,4.2559614,3.9280016,4.4451761
01-Dec-2004,3.9226077,2.5975487,2.4960122,3.7740383,5.1293292,2.1739967,4.4016881,2.9852962,1.9386696
01-Jan-2005,3.7046304,2.8175843,3.677923,3.0305321,3.9226077,4.2997804,5.1304903,3.6367645,3.9224336
01-Feb-2005,3.6812594,2.5310278,3.6367645,3.8221238,1.7348657,3.9260726,3.4401395,2.9108036,2.5316763
01-Mar-2005,3.9226024,2.8330507,3.7740328,4.4451761,3.6046431,2.7065227,1.8018506,4.6518335,2.964473
01-Apr-2005,3.1965327,3.8985424,4.0820484,5.0293393,2.9600503,4.4451761,2.7398975,3.7041278,2.9852099
01-May-2005,2.5317783,2.1930718,2.2635174,4.0820704,4.4451761,2.7908716,3.1177018,3.9102819,3.9226077
01-Jun-2005,2.1655741,3.1861155,2.9705174,3.2789824,6.4538522,4.6304569,4.6518335,4.445076,4.0004015
01-Jul-2005,3.3901551,3.1175601,2.8710124,6.0624623,5.0715179,4.3802652,4.5768437,3.7584815,4.6520014
01-Aug-2005,4.4451761,2.9558806,4.4482164,4.2559614,6.4552932,3.036056,3.6367645,2.690747,3.9229515
01-Sep-2005,3.5702245,5.8838716,3.6367645,3.365351,4.2559614,3.4079344,5.4065604,2.5316763,3.1748698
01-Oct-2005,3.6910374,4.5612297,4.0821996,4.5883584,3.9220712,4.499732,3.9336336,3.6813996,4.8792677
01-Nov-2005,4.1241479,3.1923456,4.4451761,5.7158413,4.8788319,5.4809761,4.0820704,3.5091319,4.4766293
01-Dec-2005,3.922332,0,4.6520014,3.2857199,4.1158075,3.6717584,4.0897093,2.9852962,4.1261215
01-Jan-2006,2.9852962,2.3810625,4.8797359,4.2559614,4.879015,6.1087708,4.0821996,2.9448996,4.9335885
01-Feb-2006,3.0816674,1.0657268,3.6366274,3.6539922,2.5975487,4.1823602,3.8251183,2.8721101,4.0821133
01-Mar-2006,4.3485112,3.8159151,6.8992872,3.9222188,3.0767319,3.9220712,4.5383048,3.0978787,3.5091319
01-Apr-2006,3.2047999,6.9385481,4.2222114,4.4451761,3.4353168,4.8797359,3.4158905,3.6813972,3.125953
01-May-2006,4.4549146,3.2789793,3.4191406,3.5211949,3.5091319,3.8469806,3.0771658,3.9226077,3.9220676
01-Jun-2006,3.3487008,4.0821996,4.7259307,5.1959777,3.0771658,2.8170111,3.2789824,3.4458299,4.2559614
01-Jul-2006,3.9226024,4.3485069,4.2480316,5.4067221,2.5316763,5.7156405,3.077481,3.2789824,2.8585947
01-Aug-2006,3.9220712,0,5.4067221,3.9220712,3.6367645,5.1293273,3.1671371,3.9520738,4.7091579
01-Sep-2006,3.523406,3.9229515,4.765574,3.3685451,2.7868924,4.8790164,2.7398975,4.0820608,5.6851001
01-Oct-2006,3.1329358,3.5474367,2.6072268,4.6280732,3.2088335,3.4143872,4.7475224,4.3584137,2.0852501
01-Nov-2006,4.2559614,7.4105158,4.960413,3.9220676,5.0241194,4.6950369,4.8790164,3.1322505,4.688354
01-Dec-2006,4.4451761,3.7740328,6.5382757,5.7158413,4.4451761,3.7740328,2.7398975,3.1747591,3.0459192
01-Jan-2007,4.4757938,2.4292707,5.4067221,5.9757376,5.1293292,4.0821996,5.7622886,3.4401464,4.8790164
01-Feb-2007,5.3540783,.85646272,3.5091319,4.5330286,4.3922935,5.2643733,2.8170021,3.3335228,3.3900361
01-Mar-2007,6.4538522,6.4538522,5.4067221,5.7410874,2.9852962,3.7740328,3.5718153,2.9368424,6.6083584
01-Apr-2007,3.5624526,0,2.9766796,4.0610914,3.2789824,5.7158413,4.7108059,4.3083634,3.6904557
01-May-2007,5.0135813,3.7740328,2.8170891,4.9120655,4.348361,2.9558821,4.5646091,3.571805,3.658947
01-Jun-2007,5.5316434,2.8710079,5.2446461,5.1959753,5.8268895,2.4692612,3.7139587,3.9220712,3.3901551
01-Jul-2007,4.3933535,3.7729173,4.8790164,5.2509937,2.8162615,7.8786154,4.3485112,3.9220676,4.7790632
01-Aug-2007,5.5854197,3.9239919,5.7158413,5.6053309,3.9221759,4.8353195,3.9130332,2.9683223,3.5093615
01-Sep-2007,5.1300502,7.8450227,7.4107971,5.6027751,2.4097552,4.4451761,3.9226077,3.5647399,1.8349121
01-Oct-2007,5.2988005,4.0206385,2.8986492,6.8992872,4.9480042,5.4067221,3.4786084,2.2732439,4.4451718
01-Nov-2007,6.4538522,3.9220712,5.9144783,6.4327364,5.5567799,3.9145236,2.7398975,4.4951453,4.0821996
01-Dec-2007,5.2920265,3.636761,5.8840499,2.5975487,2.9503882,3.9231775,3.6367593,5.034513,1.9802639
01-Jan-2008,6.4538522,.7717073,4.273097,3.9229515,3.8719823,2.2694933,3.7740328,2.6316464,3.7876492
01-Feb-2008,4.8790164,4.1210203,2.5316796,2.6317282,4.1385217,5.2446461,3.7740328,5.0430856,3.5505407
01-Mar-2008,4.6520014,4.6520014,3.9226024,4.879015,3.5868332,4.6520014,4.6158633,4.2374554,3.6581507
01-Apr-2008,5.0509892,2.8987536,5.1293292,4.0004015,5.7569866,3.5627217,2.8586781,4.8790164,3.7041295
01-May-2008,4.3483644,3.0771658,9.5632181,3.9220712,1.0043775,4.6520014,5.0378342,3.0410054,4.2565503
01-Jun-2008,5.2490158,3.8714578,4.0974088,5.4622946,3.09022,4.2550859,4.0415106,2.8170877,5.9431596
01-Jul-2008,5.7144794,6.0624623,4.8290277,3.8434141,3.9220712,3.9226055,4.0821996,2.6316464,3.6424065
01-Aug-2008,4.6189485,2.8710124,5.818192,2.9354725,3.9499607,2.8170877,3.9220712,3.2395594,4.3015728
01-Sep-2008,4.2559614,3.7899337,4.5462332,3.9220712,3.1893313,3.0305321,3.2789812,3.9220712,4.0821996
01-Oct-2008,2.5310259,3.0771658,5.4584246,3.6627574,5.4456158,3.5091307,3.9229496,4.1672697,5.2345433
01-Nov-2008,3.5091319,2.4800699,3.2789824,3.6366253,3.4876962,3.9224277,3.9111137,3.6813972,3.8702314
01-Dec-2008,4.4451761,4.8790164,3.9220712,8.0969038,3.9221692,0,3.3901551,2.9852962,2.3530498
01-Jan-2009,4.5677581,3.006417,4.6520014,5.1285782,2.6668277,0,4.5120416,2.5317824,3.6370108
01-Feb-2009,3.2846496,0,4.0820651,0,2.9952309,4.2724886,3.2789824,2.7402954,2.4692612
01-Mar-2009,2.1506205,3.7254968,3.3673215,3.0077426,4.2559614,1.94224,2.3432896,3.1865799,3.9223247
01-Apr-2009,2.9852962,1.6806511,4.0824275,3.2789843,2.9500666,4.4951453,2.988169,2.6456571,2.4990695
01-May-2009,3.4066498,3.9221759,5.340076,3.7213671,0,4.08285,3.4238756,2.5317807,3.2788727
01-Jun-2009,2.2472117,1.5750165,3.7738853,2.8987536,4.0822001,0,3.6375897,2.1983888,0
01-Jul-2009,1.3967255,1.7336895,4.0827837,1.2696806,3.4334733,3.5093601,3.4035759,2.9590509,2.5975487
01-Aug-2009,1.488861,.92166704,2.6600688,1.1173344,.96665508,0,2.6579611,.99503213,2.8417134
01-Sep-2009,1.494534,4.4152093,2.937458,.88626647,2.3530507,2.4226196,2.1202221,1.9231343,3.2789824
01-Oct-2009,0,3.6367645,2.6646013,2.0202687,1.0050292,2.4691715,2.5316763,2.8618793,3.5474367
01-Nov-2009,.56685907,.020794816,1.2578782,1.9570097,1.3025602,2.6050651,2.0595276,2.6248226,1.9047406
01-Dec-2009,0,0,1.3423008,1.2959098,0,1.4814547,1.3605652,.68156379,0
01-Jan-2010,1.3986242,1.2909611,1.2068957,.93771207,3.390033,1.4388738,2.4692612,.50125694,3.3901551
01-Feb-2010,0,0,3.7738853,.55272901,2.0202005,1.8429661,2.4097528,1.2422472,3.2948456
01-Mar-2010,1.6000341,0,2.2988653,1.193028,1.6863806,0,2.6317332,1.9934249,1.8893969
01-Apr-2010,3.5930648,4.4620619,2.8977375,1.0323851,0,1.980198,2.4435804,0,.9950335
01-May-2010,1.7391742,1.4977105,1.7621585,0,0,.94291061,2.0619287,1.9846331,0
01-Jun-2010,2.0202708,2.9757674,0,0,3.9229515,1.8742203,3.2789824,2.1978908,1.6418298
01-Jul-2010,0,1.6857125,4.0820441,2.9600503,1.8932322,1.5511737,2.2635496,2.1506205,1.0051333
01-Aug-2010,1.3793322,2.8314469,3.5091319,0,2.6528456,2.1408391,1.9342963,2.0478544,0
01-Sep-2010,2.105341,0,2.4097567,.25856486,3.2467182,3.1748645,2.4692612,1.0810957,2.1978114
01-Oct-2010,0,2.5092406,1.3793262,1.0046066,1.857639,0,2.334738,.40080494,2.3311079
01-Nov-2010,1.0754378,1.1611151,.80105293,1.6807119,.97979867,0,1.7493113,2.8170111,2.247288
01-Dec-2010,2.7398975,.48192129,2.9893503,0,1.1560823,1.9509008,.56980157,1.7766948,2.4486506
01-Jan-2011,3.6763251,.52770776,0,.077517293,0,2.0618649,2.0284672,2.1767836,1.4892967
01-Feb-2011,1.5748357,2.5317836,.007579512,.40464112,1.0050374,.69204694,3.077065,2.3529732,2.9557726
01-Mar-2011,.083300538,1.9802608,1.7094433,3.8226373,0,1.9277687,1.4858748,2.0202708,3.5430448
01-Apr-2011,1.5113664,1.9802639,2.201993,2.6668248,0,0,1.6529301,2.0618668,4.4153347
01-May-2011,1.418403,4.2559614,2.3420274,0,.095014788,1.4598824,3.2789824,2.1506205,1.7544292
01-Jun-2011,2.8768053,0,0,.3577835,2.2972441,0,1.9257838,2.2472825,2.7028646
01-Jul-2011,2.2472856,0,1.5548857,2.4692612,1.6529354,.66445678,2.5446665,1.5748357,3.287607
01-Aug-2011,2.9852962,2.4692612,4.0273881,2.9766848,5.8840499,0,1.4184635,2.9852962,0
01-Sep-2011,1.6806567,3.3344684,3.0771658,1.5113599,.41708258,0,2.0202034,2.0619287,0
01-Oct-2011,2.4692612,2.4001091,3.045285,.26702261,1.0939906,1.5113623,2.9795613,1.3552982,2.4692612
01-Nov-2011,2.4097528,0,2.3530498,1.7699577,0,1.7251787,2.8170877,2.1978645,4.0821996
01-Dec-2011,.33984706,0,3.9220712,1.9669427,1.7824608,.34722257,2.2989519,.40241659,2.1978908
01-Jan-2012,0,1.7746141,2.8989451,3.0770421,0,3.0082223,1.5023743,3.5091319,2.1318073
01-Feb-2012,2.5316837,3.5091319,0,2.6668248,1.8481212,.95624661,2.9369292,1.0869714,1.6531543
01-Mar-2012,2.166151,0,2.6910319,1.45988,2.8170877,1.3698832,2.166151,1.9651321,2.3940237
01-Apr-2012,3.2789824,1.9802639,4.3562598,1.500307,2.6851401,2.2472856,2.0542209,2.8987536,0
01-May-2012,1.7291453,0,2.2989519,1.0752833,3.2789824,0,2.3784871,1.9708009,2.9732134
01-Jun-2012,2.9852962,3.5281794,.14818601,1.4310298,1.6124837,2.1978114,1.9802608,3.3901551,1.9974655
01-Jul-2012,1.5504186,4.6520014,2.0202708,2.5317807,0,1.418403,.58651417,2.8398392,1.8348405
01-Aug-2012,2.5316763,0,.12128842,2.1590629,1.4598277,0,2.8168361,2.5712357,1.3423071
01-Sep-2012,2.6881764,2.4097528,3.1771169,1.7926638,0,2.5053518,2.5975444,3.9220712,1.5055991
01-Oct-2012,2.4692612,0,3.9239049,1.2422568,0,3.0771658,2.5317807,2.6417296,.16168523
01-Nov-2012,3.1748698,2.7009468,3.1233544,1.3698832,1.6528776,.80645525,2.3066149,2.4097528,1.8293223
01-Dec-2012,1.1494423,1.5957847,3.2260861,2.2245636,3.1748698,.023856953,3.534673,2.5317783,4.3951921
01-Jan-2013,4.0820704,1.8132187,.99503058,1.0581725,2.8170877,0,3.7039852,1.5266854,1.9607813
01-Feb-2013,1.1413817,3.8050852,2.4692612,1.0050374,1.6129366,2.8169794,3.2789845,2.5314202,2.5975487
01-Mar-2013,3.7039852,2.4915342,.95691097,2.3809721,2.5316837,1.9299693,2.6223228,1.7391742,2.5975487
01-Apr-2013,1.9802661,2.4692628,2.4096603,1.6518379,1.9802639,0,3.0771658,1.9240174,.91325188
01-May-2013,2.3256841,0,.93677855,2.5314963,2.4150481,1.2422568,2.5595574,2.3953218,1.7391151
01-Jun-2013,2.1353137,2.4691715,.69632792,2.2989519,1.9802628,2.6317284,2.0201988,2.7212539,0
01-Jul-2013,2.4120357,2.2472856,2.1978908,.46620086,1.7736518,2.105341,3.0254853,2.5975487,2.1627505
01-Aug-2013,2.0067596,1.5666119,5.1293292,2.5314982,3.5091319,1.0050374,2.8986409,.93771851,2.0619287
01-Sep-2013,2.8170877,3.0305321,3.7740328,2.105341,2.3853674,0,3.2789824,1.1160873,1.364547
01-Oct-2013,1.6961253,2.0128791,2.7398975,2.8986506,5.0976644,1.566848,2.4097552,1.8349138,2.1052732
01-Nov-2013,1.6129366,3.4880886,2.4692612,2.2715962,2.2666922,0,3.1465385,1.9293215,2.3197639
01-Dec-2013,1.4910647,2.8572259,3.2789793,.8130157,1.5267472,2.3529685,2.6906507,3.2087049,3.1748698
01-Jan-2014,1.801846,0,2.9575958,2.8987529,.87421781,3.149071,2.5988166,1.8051101,2.3716505
01-Feb-2014,2.4145372,0,3.7355821,2.0420413,2.2468171,2.6902153,1.9802628,1.9802628,2.3167
01-Mar-2014,3.2789824,1.3221027,2.1685886,5.6049461,1.5507624,.82988346,2.4012227,2.6668179,3.1748698
01-Apr-2014,4.4451761,3.6935365,2.2988653,3.8466282,1.5266838,.50864035,2.5975487,1.6528753,0
01-May-2014,3.5972681,.26972345,2.4497504,2.3223917,2.6432276,0,2.5316763,1.4677187,3.9220712
01-Jun-2014,3.2788603,0,2.5317807,1.3287891,2.7027674,1.9802608,1.6528704,2.8170896,1.9418086
01-Jul-2014,2.8330507,0,3.9832137,1.0445212,1.9169928,2.0367315,2.8987536,1.7621585,1.0672461
01-Aug-2014,1.5748357,1.9833164,2.139117,3.3900361,3.4667106,0,2.9766848,3.1251268,3.5091319
01-Sep-2014,3.7738853,2.9852962,4.6526632,4.4451761,3.4631433,3.2081358,2.9852962,2.0612152,3.6367645
01-Oct-2014,4.1021981,2.8170877,3.9220712,4.0827818,1.6337278,2.0619287,2.8523309,2.6668248,3.0771658
01-Nov-2014,3.2178907,0,3.1370618,4.6520014,1.8792455,2.3529685,2.7398975,3.2789793,1.5123147
01-Dec-2014,2.2472856,2.8036392,3.9222922,3.6367645,2.3671076,3.3901551,2.5975487,4.0820761,2.3529685
01-Jan-2015,3.7740328,1.9205002,2.5425115,1.9802628,3.4886229,6.8459382,2.5316763,2.95682,1.7391151
01-Feb-2015,3.9220712,1.5209404,1.8809344,4.8426566,2.8987536,3.773881,3.0771658,3.509006,2.1661534
01-Mar-2015,3.9220712,5.3540783,2.9852962,1.6806567,4.4451761,2.5310292,5.1524558,3.3901551,3.8151808
01-Apr-2015,3.9226077,5.4070854,5.7158413,3.3830764,1.3569894,2.3961749,3.0023661,3.7041271,3.9237032
01-May-2015,3.923991,2.7789989,0,1.5504186,1.8018489,3.7386048,3.5093615,2.4691715,3.0304101
01-Jun-2015,4.0821996,4.4451761,2.612628,2.964226,2.2203183,3.9221759,6.2520356,1.9048195,2.1052701
01-Jul-2015,3.2788711,2.8064024,1.6701834,4.9272513,3.9223261,2.9868691,4.0821996,4.0821996,.95665592
01-Aug-2015,3.9698067,0,1.2061518,4.0820684,0,1.8348405,2.7651548,2.0032253,1.5504147
01-Sep-2015,2.7398975,3.9234633,1.9481118,4.2820044,4.2562428,.79678893,5.4809742,3.0641642,2.4691715
01-Oct-2015,4.0999727,3.7740328,0,2.9651623,4.6516128,1.5999795,2.6433258,2.9893503,2.1448522
01-Nov-2015,4.0820479,2.7626107,2.8987536,3.4444683,3.2788711,4.7787771,4.9699678,2.0618668,3.0771658
01-Dec-2015,2.9500663,3.3901551,0,2.9558821,4.2559614,1.5303967,3.605351,3.0778553,3.7740328
01-Jan-2016,3.9230084,1.7184839,3.5627184,3.9220738,3.9220712,1.8576338,4.8790164,3.0077486,4.4451761
01-Feb-2016,3.3901551,3.8001132,4.499732,3.953084,4.5368543,4.0005336,3.6509287,2.9585297,3.8714511
01-Mar-2016,5.1058087,2.5505323,2.0619287,2.9766848,4.80093,2.3350532,4.4155574,3.0397475,3.3546178
01-Apr-2016,4.1123996,3.9220712,3.3842325,4.9424896,3.7740328,2.5317807,3.9220748,2.8169794,3.3069997
01-May-2016,5.4456158,3.5078092,3.4489384,3.1252544,4.5254898,4.8790164,4.0821996,2.7398975,3.7740328
01-Jun-2016,5.2643733,2.7398975,4.2420754,3.1498637,.42803663,3.6367645,4.0821996,3.5975089,4.1621695
01-Jul-2016,4.0823026,5.4067187,3.6732023,2.7149189,3.7740328,1.1696084,7.4105067,2.5431755,2.575254
01-Aug-2016,4.4764972,2.5315733,3.5091319,4.7384009,4.7981486,3.7740328,4.0821996,2.5988166,1.9033692
01-Sep-2016,5.6852818,5.7158337,2.8228774,3.9220736,2.645802,4.9274268,3.7738891,4.6520014,2.7027674
01-Oct-2016,5.0149803,6.9745073,2.2472856,4.1021981,4.6520014,5.7158413,4.8790164,4.0821953,2.8008432
01-Nov-2016,5.1293292,5.7158413,2.105268,3.8103352,3.0483,2.5317807,5.4067221,3.8221197,3.9220712
01-Dec-2016,5.264863,4.2562428,2.5981276,2.3530505,3.6367645,2.020272,2.4727862,2.8987536,3.361666
01-Jan-2017,5.8840499,.71685171,3.440114,5.4074883,4.3500361,2.963177,3.5590944,2.5399711,0
01-Feb-2017,4.2559614,4.0821953,3.9231012,3.7039852,3.9220712,2.7027695,3.3228118,2.5419436,7.4105101
01-Mar-2017,4.2559614,3.2789824,3.8169494,7.4693089,1.9544609,4.909554,3.9231012,3.0771658,2.9762793
01-Apr-2017,3.9223261,.62063754,4.05585,4.7346077,8.0969067,2.5975487,3.6367645,2.8987536,3.8226464
01-May-2017,2.8169794,3.5627205,2.7939382,3.5716763,2.122364,2.8169794,4.2559614,4.2761841,2.9486215
01-Jun-2017,4.3951921,2.9493189,2.1978886,2.020272,5.0772324,3.2019377,2.8173616,2.0644395,2.7149954
01-Jul-2017,4.8790164,5.5059724,2.4691715,3.7738853,3.5091319,3.9229515,4.4284921,2.1506205,3.0771658
01-Aug-2017,5.4067221,2.4097552,4.3719735,4.6520014,2.8170888,3.5093615,2.6668248,3.0771658,3.2131248
01-Sep-2017,3.8151765,3.9224336,4.8790135,6.0213175,2.955879,2.4691651,1.8018489,3.9220703,2.8987536
01-Oct-2017,3.0771658,3.0771658,2.4163504,3.4980993,6.2798553,3.2605469,4.6520014,2.4691617,2.5975487
01-Nov-2017,4.8790164,1.9768343,2.9558802,2.4979057,2.1978908,4.5928969,2.8169763,2.6668248,2.6668248
01-Dec-2017,4.8790164,3.9220676,2.951031,2.8170877,3.8686333,2.0868366,2.6317308,2.8987536,2.366972
01-Jan-2018,3.252316,2.0179431,1.6806518,2.2062511,4.4451761,3.0458148,3.998899,3.9220712,3.076262
01-Feb-2018,4.6520014,0,2.4691715,4.8790164,2.6661127,2.9766796,2.5310309,4.1385217,2.6668224
01-Mar-2018,4.9896989,5.5248451,6.8992872,6.8992872,.0023098271,4.7033935,2.9770639,3.125953,4.0054483
01-Apr-2018,4.4451761,1.865721,2.1972411,4.6169271,4.2559614,1.597084,3.6367645,3.3891592,1.6129366
01-May-2018,5.5569849,2.7398975,2.2241654,2.8675773,3.0459192,3.8532906,2.9723091,2.2207692,2.8170877
01-Jun-2018,4.6520014,6.1873384,4.0820479,1.3190026,3.0524483,3.5093651,2.9558794,3.9220712,4.6520014
01-Jul-2018,4.4451761,1.9999921,.15924801,.09656471,6.0624623,2.6726031,4.6520014,3.9226077,0
01-Aug-2018,2.545454,5.5820193,2.8987536,6.1748066,4.4451761,1.6753167,5.1286168,2.7398975,1.900196
01-Sep-2018,5.5451355,3.0137119,2.7398975,2.4097552,7.0523696,2.6787333,3.6367645,3.9220712,4.9794755
01-Oct-2018,5.6570339,5.4489794,3.2443726,4.6520014,3.9220712,3.2252052,4.2252536,3.120451,4.7783699
01-Nov-2018,4.8793445,6.7438884,3.4401464,4.8790164,4.4451761,5.5976696,4.8019629,2.2472856,0
01-Dec-2018,4.3016944,5.7158413,2.9413886,2.5316763,2.992744,3.8466282,4.762805,3.0771711,3.8466282
01-Jan-2019,4.3275943,3.7522418,2.5017769,4.8790164,2.105341,3.4444683,3.5367818,3.9223261,6.8992872
01-Feb-2019,6.8428497,3.0771658,2.8169794,2.566777,2.7650404,2.0202708,2.2623372,2.9675767,3.3901551
01-Mar-2019,3.9220712,3.3901551,3.9220712,4.0821996,2.9549675,5.4067221,4.477212,2.4691715,4.0818553
01-Apr-2019,7.6534667,4.233983,2.3473365,4.0820456,7.6961012,4.4310088,2.4780056,3.0771658,3.9220712
01-May-2019,4.032608,5.1304932,2.045059,4.6520014,3.3901551,4.8646445,3.1748698,1.5511684,6.5753808
01-Jun-2019,5.9774122,2.9852962,4.3296785,4.0288539,5.7158413,4.3015709,2.1983805,4.0821996,3.922353
01-Jul-2019,5.6352935,2.8162589,4.3485112,4.0003848,2.8987536,2.7398975,3.1726615,3.426456,4.4846749
01-Aug-2019,4.6520014,2.5317783,2.3716526,2.9852962,3.2647078,2.2989519,2.9766848,3.3901551,1.3351333
01-Sep-2019,4.4016876,.95624661,4.8788319,4.6520014,4.6170235,3.571805,4.0820704,3.9220712,6.5139375
01-Oct-2019,3.9877691,1.8345658,1.9047425,4.9273286,6.0989275,3.773881,3.3901551,3.125953,4.2559614
01-Nov-2019,5.1291437,3.3901551,6.0624623,3.5979221,2.1978886,2.9413927,4.6520014,3.5821323,6.0582938
01-Dec-2019,3.9223261,4.6520014,6.1873384,4.8790164,3.8592319,1.835224,3.7738853,3.8631396,2.4831603
01-Jan-2020,4.4451761,5.1293292,8.0048018,2.8169794,2.5933356,5.1291456,3.8669155,1.9802651,3.9220712
01-Feb-2020,3.9224277,0,2.9557767,4.6520014,4.6520014,3.2386553,3.390466,3.2789824,2.0620697
01-Mar-2020,4.2896514,2.3430281,2.8170877,3.5718083,1.438623,3.4685557,2.8170877,2.8987594,1.9802654
01-Apr-2020,2.2250581,4.2559614,2.462193,4.878849,5.4864917,2.8170877,6.0624623,3.045922,2.7936304
01-May-2020,6.8992872,3.7802353,2.8987536,4.0821996,5.7395091,3.6367645,5.1964622,2.0307877,5.7241426
01-Jun-2020,5.7158413,3.2794275,3.7139587,4.8426638,4.3485141,2.8168547,3.488728,3.0761023,4.0821996
01-Jul-2020,3.9229515,1.1177189,0,4.2717714,6.8990407,3.1847475,2.9447196,2.4155703,5.038115
01-Aug-2020,3.5091319,1.390294,4.8796844,1.5748357,3.6812644,0,6.4542837,2.4096673,3.9223559
01-Sep-2020,6.1077819,7.8843026,5.1823144,5.2556658,1.9692602,2.0186355,5.1291389,2.7398975,3.7740328
01-Oct-2020,3.9138832,1.8293176,3.9220712,5.4725943,4.8793368,3.5091319,3.4963539,3.7740328,2.3741946
01-Nov-2020,5.1293292,0,2.3719816,4.0821996,5.7158413,3.2789824,4.0821996,3.7740328,4.7353683
01-Dec-2020,2.5640395,.0012976482,1.053259,3.9220712,3.2789824,5.061708,2.105341,2.8987536,4.2559614
01-Jan-2021,4.6520014,0,2.5533302,2.845937,5.4213815,4.2562428,3.9229515,3.0771658,3.9229515
01-Feb-2021,5.1293292,2.1713796,3.3901551,4.5462375,3.9470017,4.6520014,4.1672678,3.3227887,3.1628628
01-Mar-2021,4.7785306,5.7158413,3.1842334,2.7398975,0,1.0673103,4.0243406,2.2813735,4.0820456
01-Apr-2021,2.4951594,3.923991,1.8018506,1.1173344,2.9701555,3.9222102,.025344271,4.4300232,4.0821996
01-May-2021,3.7740328,3.9223261,.086308248,4.8792739,7.930861,2.0873783,2.9766848,3.9229515,3.0305321
01-Jun-2021,6.877954,2.0000744,3.8719823,6.4538522,4.0334854,0,4.1962652,2.0618496,3.5090044
01-Jul-2021,6.6134491,10.536052,5.608726,5.7156405,4.7868094,2.105341,5.0378342,4.8793368,4.2559614
01-Aug-2021,4.2559614,3.6367645,5.4067221,2.4692628,3.5093615,.77859652,3.9521666,3.5482364,9.2058144
01-Sep-2021,4.8788319,1.5528249,3.9223261,6.8992872,4.6520014,4.7779517,5.3773632,3.8739784,4.5120435
01-Oct-2021,4.0821996,4.2559614,4.879333,5.9476609,4.7973537,3.923991,3.9220712,4.0820704,3.2788711
01-Nov-2021,4.5324783,3.773881,3.9313767,5.5499105,6.0622363,4.0822058,4.2558208,5.4067221,1.0362337
01-Dec-2021,6.0624623,2.4296052,3.2789793,6.4538522,7.1458964,4.0820532,2.8170877,9.0971775,6.0624623
01-Jan-2022,3.7740328,3.5936732,10.008346,8.7011375,7.3427486,8.3962021,6.4538522,5.0370345,2.1276603
01-Feb-2022,4.7785354,1.9080273,7.4904113,6.8992872,5.8688965,7.1458964,6.1243663,7.1389976,9.9850645
01-Mar-2022,4.6689835,6.4538522,5.7713919,6.4538522,4.0821996,5.8840528,5.7158413,6.8992872,4.9481845
01-Apr-2022,6.1532307,8.5942402,6.8211598,6.8990455,5.6570306,4.8788319,11.7783,7.0617566,7.1458964
01-May-2022,8.7007246,11.778303,5.7166386,6.0624623,13.353139,6.4538522,6.8992872,7.4107971,5.602313
01-Jun-2022,7.796154,6.0855289,7.173913,7.989151,9.2663708,5.5383267,6.8495293,7.4107971,6.6253748
01-Jul-2022,6.8988605,4.3489194,4.0821996,8.0042706,2.9852962,8.7012577,6.8990326,7.2082086,2.5316763
01-Aug-2022,6.3369684,2.8170111,5.4067221,6.4538522,6.6010671,6.9959512,4.0821996,8.3378458,6.4538522
01-Sep-2022,4.2512007,5.1293306,5.7158413,8.2238102,8.7011375,7.796154,6.2798553,7.19384,6.810041
01-Oct-2022,6.1890783,7.1309056,6.8993816,8.0042706,6.680326,6.2555556,7.878088,4.4016891,5.5276365
01-Nov-2022,7.2568026,4.879015,4.0117955,9.0971775,5.2643733,5.1291409,5.1293292,5.4065242,5.1304932
01-Dec-2022,6.4838958,7.4107971,3.8466282,6.97333,4.0821996,6.0624623,4.5937152,5.4067221,4.5462332
01-Jan-2023,6.0624623,8.8603859,4.8739586,6.0622363,3.7740328,5.7569871,6.8990326,6.6131001,7.8473787
01-Feb-2023,8.5743618,8.899972,8.3384199,6.0624623,5.4259224,7.4107971,6.4538522,3.7740328,6.0622363
01-Mar-2023,5.3971858,8.7011385,6.2520356,8.2238102,10.559044,7.3126383,4.8790164,6.303452,5.7158413
01-Apr-2023,5.5569849,0,4.8790164,7.1970849,4.0821996,6.8992872,3.2260861,4.9275155,10.536057
01-May-2023,6.2520356,6.3058157,5.1291409,7.1458964,5.7158413,5.1295462,8.8947487,6.4538522,6.2526169
01-Jun-2023,6.2520356,6.6138759,3.3900275,4.4016843,6.8992872,7.8473692,5.4990606,4.9188399,5.7010274
01-Jul-2023,4.2420683,4.0916057,4.8703194,5.6089468,6.130055,4.9595275,6.8992872,6.3519316,3.9229515
01-Aug-2023,6.0624623,6.8992872,5.3437686,6.4538522,5.2643671,2.8986506,4.6520014,5.1432214,3.2087049
01-Sep-2023,4.879333,9.5310183,4.0824275,7.4105158,4.6518168,4.3219099,4.2205582,5.1293292,5.608726
