date,WGT_pac_n,WGT_esc_n,WGT_wsc_n,WGT_mnt_n,WGT_nen_n,WGT_sat_n,WGT_wnc_n,WGT_enc_n,WGT_mat_n
01-Jan-1997,3159235.118530273,1218099.072265625,2252652.993652344,1577707.743041992,1127222.688232422,3904800.50378418,2064285.346710205,4018018.565917969,3030028.759765625
01-Feb-1997,3029559.117797852,1424392.245117188,2292818.741210938,1542087.952148438,1206356.377441406,3930365.951171875,1830092.126953125,4399503.574707031,2846728.247070313
01-Mar-1997,3234889.874511719,1399333.53515625,2434940.322753906,1389152.861938477,1191735.350219727,4229607.260131836,2088519.80758667,3935137.446777344,3181155.373535156
01-Apr-1997,3113660.572265625,1151171.13671875,2362452.622558594,1395863.039916992,1148743.03125,3738581.524291992,1841822.778320313,4095471.575683594,2613325.529296875
01-May-1997,2970132.767333984,1628802.891113281,2226277.896972656,1578842.358154297,1316004.290405273,3926598.545654297,2016158.500488281,4291029.733398438,2991410.38671875
01-Jun-1997,3447652.067260742,1330515.750976563,2152626.548828125,1287230.583190918,1263746.876953125,3726391.311645508,1957403.266357422,4082010.360839844,2873046.143554688
01-Jul-1997,3278650.182006836,1806912.994140625,2285510.649902344,1588656.116333008,1208295.144042969,4209919.974487305,2163326.83984375,4430607.651855469,3089241.592773438
01-Aug-1997,3640039.567932129,1250500.146484375,2597236.524414063,1412250.257568359,1175949.530029297,4186175.06628418,2122498.408569336,4387805.439941406,2969934.041992188
01-Sep-1997,3716521.50012207,1362607.1171875,2267763.639160156,1499988.34362793,1094734.028442383,4414933.411743164,1997000.937164307,4136622.885253906,2773052.792480469
01-Oct-1997,3860813.296386719,1494309.471191406,2339546.813964844,1323392.170410156,1338332.367431641,3831740.315917969,1936762.053314209,3572161.505859375,2999187.901367188
01-Nov-1997,3446322.909057617,1404224.211425781,2462448.103515625,1317518.11050415,1267525.788818359,3655822.654907227,2092972.023010254,4129437.925292969,2787588.459960938
01-Dec-1997,3721530.816650391,1554079.071289063,2555801.829101563,1325459.882537842,1237809.239257813,3911461.649536133,2015504.144561768,4077120.421875,2822013.350585938
01-Jan-1998,3171144.364013672,1685270.496582031,2360793.229003906,1436189.362060547,1287837.78894043,4424095.493286133,2015948.699829102,4264492.693359375,2894136.192871094
01-Feb-1998,3622250.799926758,1397691.834472656,2488925.333007813,1616680.779052734,1129796.919921875,4283294.703857422,2379059.289581299,4451732.632324219,3250171.729492188
01-Mar-1998,3041822.700073242,1825099.911621094,2311441.449951172,1490644.73840332,1341870.616088867,3898684.938964844,2203416.409790039,4190537.996582031,3100316.226074219
01-Apr-1998,3692715.011474609,1133633.7578125,2337921.598876953,1732220.809570313,1233017.755371094,4010153.022949219,2009373.564361572,4238755.040039063,2708010.841796875
01-May-1998,3003017.500976563,1401519.719238281,2409512.893066406,1315476.741424561,1139319.889160156,3973270.96496582,1775406.380523682,4296829.673828125,2816201.349609375
01-Jun-1998,3567949.506958008,1182561.134765625,2490534.716796875,1287391.732818604,1401337.101806641,4160027.396240234,1739213.380859375,4173302.895507813,2490009.795410156
01-Jul-1998,2967117.417114258,1185838.642822266,2291168.086181641,1376705.590026855,1157473.244628906,3986086.208496094,2139711.299621582,4422591.681640625,2438341.044921875
01-Aug-1998,3613046.371459961,1654255.006347656,2093706.60546875,1278337.573425293,1195477.479003906,4137985.526123047,1840902.086151123,4704807.869628906,2872360.267089844
01-Sep-1998,3538019.34753418,1426894.389648438,2067418.75,1383690.781982422,1350772.28527832,3842375.578735352,1877029.508178711,4238744.327148438,3010824.938964844
01-Oct-1998,2702743.945800781,1279302.16796875,2639061.495117188,1533060.356018066,1153557.168579102,4220189.939331055,2133253.233459473,4438607.921386719,2906262.423828125
01-Nov-1998,3191972.237060547,1295980.373535156,2390499.008300781,1522973.010009766,1248300.958251953,4278302.595703125,2124709.273925781,4284055.3203125,2656939.262695313
01-Dec-1998,2984794.085571289,1261068.932617188,2271615.349609375,1301977.281433105,978881.3635253906,3980849.628051758,1869151.448242188,3876851.846191406,2530615.960449219
01-Jan-1999,2966564.917602539,1378508.33203125,2380164.627929688,1478280.315185547,1312169.633178711,3932490.629760742,1828882.52130127,3964794.805664063,2617193.962402344
01-Feb-1999,3414388.428344727,1281143.375488281,2158248.602050781,1465568.197937012,1075175.728149414,3996296.24987793,1893372.357177734,4274523.406738281,2649894.100097656
01-Mar-1999,3507873.833862305,1369118.703125,2474152.113769531,1319498.956665039,1178673.890625,3893323.469482422,2030555.076263428,4261064.020019531,2944655.538574219
01-Apr-1999,3482501.868408203,1499372.595703125,2004334.538085938,1547851.740722656,1160860.345336914,3473268.795410156,1909659.464111328,4330246.958496094,2595076.380371094
01-May-1999,3999501.825927734,1268065.397460938,1941623.877441406,1507514.996582031,1277238.31628418,3551937.400512695,1879438.234741211,3822829.368164063,2625730.220214844
01-Jun-1999,3412461.444763184,1273225.600585938,2145657.240234375,1485864.567260742,1069008.421142578,3944907.266967773,1909719.835205078,4288987.777832031,3003894.793945313
01-Jul-1999,3863803.593994141,1198217.959228516,2295935.444335938,1198296.426940918,1279384.40222168,3499748.806030273,2063309.532958984,3837122.834960938,2552476.373535156
01-Aug-1999,3243182.739135742,1160690.314941406,2528395.510253906,1314310.467376709,1055600.983398438,3850675.559082031,1857998.765930176,3818097.442382813,2576905.259277344
01-Sep-1999,3182223.548828125,1236620.969238281,2462278.235839844,1418597.491394043,1112401.325195313,4347375.747802734,1883703.222381592,3582001.281738281,2833147.596191406
01-Oct-1999,3332584.392822266,1349504.389160156,2224442.732910156,1456378.559448242,1202171.377563477,4013468.852905273,2202531.911865234,4001871.767089844,2444246.759765625
01-Nov-1999,3124115.015991211,1406565.356445313,2351048.87109375,1508492.67956543,1180995.353881836,3874982.315795898,2048953.746826172,4072618.285644531,2685174.098144531
01-Dec-1999,3723127.807373047,1496702.124023438,2412213.399414063,1294859.819335938,1349760.471191406,3883996.34753418,2340457.240112305,4167392.278320313,2557676.666015625
01-Jan-2000,3359315.313598633,1138479.75390625,1847648.430664063,1461749.198303223,1099906.182006836,3775392.602783203,1735604.545349121,4074951.097167969,2712178.787597656
01-Feb-2000,3866074.075683594,1223327.956542969,2275631.274902344,1266705.117248535,991813.1202392578,3055886.756591797,1737539.643920898,4156026.547363281,2779250.250976563
01-Mar-2000,3361092.039428711,1367252.951660156,2267572.008300781,1619699.926422119,1035058.745483398,4088048.885620117,2224545.69128418,4315980.772949219,2766559.126953125
01-Apr-2000,3430406.848999023,1362008.525390625,2327208.360351563,1483034.490966797,1054761.219360352,3686196.060058594,1898229.957366943,3799827.147949219,2727784.856933594
01-May-2000,3161139.629760742,1273148.552246094,2224380.02734375,1446732.667327881,900114.0135498047,3373170.551391602,1928459.485717773,3845357.304199219,2557160.920410156
01-Jun-2000,3293375.44543457,1180108.880371094,2041608.375244141,1401215.64050293,1225906.048706055,3189403.597900391,1887831.58203125,3610402.725585938,2149989.097167969
01-Jul-2000,3256610.265014648,1152119.114257813,2288175.992675781,1536168.725708008,1278013.722167969,4042907.838989258,1854754.968811035,3342961.838378906,2428654.705078125
01-Aug-2000,2731361.82434082,1266395.166015625,1996694.346191406,1428371.171020508,1092123.589233398,3673084.120361328,1722938.165161133,3914871.733398438,2386605.48828125
01-Sep-2000,3100906.84387207,1230642.383789063,2027074.491699219,1557946.651550293,1155969.507202148,3406464.906982422,1686080.129089355,3898678.262695313,2662715.124023438
01-Oct-2000,2806111.773925781,1210281.302734375,2038586.533203125,1562864.44720459,1078257.311645508,3677603.814208984,1739121.991210938,3799623.390625,2612262.776367188
01-Nov-2000,2931821.485717773,1148740.007324219,1879905.597167969,1375238.711425781,1243554.137695313,3335738.984741211,2209816.623657227,3470662.806640625,2540193.646484375
01-Dec-2000,3139460.309326172,1069524.102050781,2192372.955566406,1333120.611633301,1087834.686767578,4083585.805908203,1983137.347167969,4079501.565429688,2662933.219726563
01-Jan-2001,3861350.507202148,1179401.155273438,2099931.353027344,1420119.733520508,1174123.226806641,3872429.366821289,1930071.045410156,4306158.543945313,2619934.301757813
01-Feb-2001,3278742.061645508,1360184.746582031,2388541.507324219,1652490.338684082,1252553.296386719,3895208.912353516,1919644.095733643,3564821.550292969,3012047.834472656
01-Mar-2001,3943656.735351563,1526865.40625,2292861.211914063,1561913.0831604,1364671.473388672,4033688.969238281,2147571.308349609,4110298.903320313,2885376.006347656
01-Apr-2001,3386045.213623047,1272878.638183594,2209113.411621094,1484234.057861328,806725.26953125,3045904.278808594,1591457.188964844,3790351.744628906,2767602.581542969
01-May-2001,3042311.072387695,1163899.7109375,2020455.953613281,1511440.322509766,951014.2829589844,3703933.400146484,2010418.702575684,3640605.282714844,2664159.514160156
01-Jun-2001,3296045.41027832,1044803.416503906,2110903.566894531,1336737.102905273,910837.4134521484,2873554.71472168,1679338.043457031,3541248.349121094,2721403.693847656
01-Jul-2001,2589339.830383301,904885.3764648438,2050810.206542969,1150435.123840332,709390.6632080078,2719096.583618164,1368878.964111328,2734930.828613281,2327115.09375
01-Aug-2001,2699059.350341797,946780.1708984375,1799247.045410156,1236036.53894043,712132.3237304688,2885622.403198242,1139041.452148438,3462520.570800781,2361946.624511719
01-Sep-2001,2721913.87878418,949626.7041015625,2007839.846191406,1277874.510253906,617709.8557128906,2884782.921386719,1270443.791870117,3095448.479980469,2355973.185058594
01-Oct-2001,3029235.147766113,813483.0131835938,1623033.499755859,1062592.440429688,636639.0756835938,3071214.138305664,1210241.150024414,3005952.466796875,2346527.829101563
01-Nov-2001,2719703.790649414,876821.2333984375,2218594.935058594,1015431.85369873,755272.2679443359,2690143.662963867,1333474.217407227,3258623.471191406,2376921.008300781
01-Dec-2001,2856230.06640625,1085802.926757813,2182841.981445313,1276078.453430176,730154.6149902344,2853510.10546875,1060798.130859375,3449482.884765625,2456609.494140625
01-Jan-2002,2857855.090942383,1172815.234863281,1958561.763671875,1216456.423461914,594296.4845581055,2774620.580810547,1098560.577148438,3287176.439941406,2460378.26953125
01-Feb-2002,2813217.873352051,794921.0776367188,2445464.961914063,1543074.577880859,732471.3081054688,3629753.389526367,1417051.426727295,3410989.885253906,2938831.34765625
01-Mar-2002,3318533.317382813,1072159.437011719,2150945.949707031,1429123.263885498,885418.4677734375,3339010.326293945,1296158.529174805,3474355.736328125,2531339.021972656
01-Apr-2002,2263155.617919922,874458.8422851563,2000514.558105469,1158735.11895752,643753.8079223633,3319363.76550293,1056302.378631592,3219241.071289063,2451550.673339844
01-May-2002,2892319.278076172,853150.9936523438,2059470.367675781,1148823.43536377,677790.4293212891,2538900.595336914,1181003.606811523,2824840.413085938,2648566.807617188
01-Jun-2002,2578884.456420898,941510.7993164063,1794012.770019531,1335987.852600098,687295.3947143555,2593385.586425781,1230473.198730469,2581751.679199219,2533654.69140625
01-Jul-2002,3086920.602416992,1326127.543945313,2014584.822265625,1477644.787841797,1172009.587890625,3453790.298095703,1808815.414031982,3410733.977050781,2199990.41796875
01-Aug-2002,2465160.934326172,1343123.557617188,2203575.090332031,1401078.152160645,968043.4710693359,3348336.114746094,1944795.168579102,3795033.35546875,2635340.631347656
01-Sep-2002,3146227.923950195,952691.634765625,1829746.569335938,1524468.071960449,1063404.787902832,3137930.429931641,1755912.47756958,3138868.57421875,2348055.434570313
01-Oct-2002,3042647.501464844,1119491.480957031,2025030.595214844,1371893.789916992,1133618.172729492,3387037.093383789,1853835.751708984,3459743.866210938,2504007.001464844
01-Nov-2002,2678565.18762207,1007614.106933594,2134556.837890625,1314988.62310791,975990.7476806641,3086702.350219727,1734389.732543945,3825527.325683594,2601387.010742188
01-Dec-2002,2778940.360717773,1050131.475097656,2069348.3203125,1412005.4765625,1034046.553100586,3700271.017456055,1702327.597625732,3715487.9921875,2515890.777832031
01-Jan-2003,3086393.425415039,1203693.26171875,1701085.284667969,1465838.109985352,1109959.983703613,3319822.620239258,1769802.888153076,3249588.65625,2752169.090332031
01-Feb-2003,3472493.503356934,1173252.517578125,2476684.694824219,1731389.28515625,1216089.320007324,3504440.180786133,2033206.783691406,3507270.289550781,2937549.359863281
01-Mar-2003,2979618.631103516,1272944.571777344,2219164.690429688,1400908.912963867,1179799.510009766,3975377.721923828,1860640.339141846,3664899.317382813,2747256.283691406
01-Apr-2003,3116906.610900879,1185132.171386719,2619587.333496094,1479670.26739502,1105633.904907227,3450823.425048828,1718303.575271606,3781183.913574219,2256977.144042969
01-May-2003,2541572.403015137,1221977.373046875,1929679.626953125,1425362.125549316,1133529.057983398,3246753.383911133,1718724.704956055,3818719.213867188,2486815.496582031
01-Jun-2003,2877619.144287109,1268260.123535156,1921785.930664063,1435790.031677246,1019431.077758789,2963730.628295898,1923059.181243896,3429127.46484375,2510067.341308594
01-Jul-2003,2996984.916015625,1202625.852050781,2042823.197265625,1503273.081787109,1052745.383544922,3263653.827636719,1927494.380187988,3666650.006835938,2207316.616699219
01-Aug-2003,2938779.99609375,1283833.320800781,2139411.983886719,1717969.787109375,990133.2130737305,3002964.242126465,1788933.264343262,3272271.631835938,2505612.009277344
01-Sep-2003,2886494.548034668,1037452.115722656,2060920.698242188,1436612.828125,1010013.131347656,3372016.293579102,1658308.4790802,3302416.556152344,2525931.657714844
01-Oct-2003,2715991.993469238,1108754.732910156,1861900.146484375,1535272.762756348,971688.4193115234,3426954.222045898,1715132.326690674,3113524.768066406,2551839.797363281
01-Nov-2003,3048600.573852539,989648.443359375,1828651.236328125,1408710.333068848,1078458.249145508,3248942.78729248,1625083.862762451,3300164.928222656,2411698.791015625
01-Dec-2003,2958868.257385254,1194482.205566406,1903830.43359375,1554129.884094238,827152.2434082031,3207959.055786133,1833745.547180176,3289030.766601563,2378948.11328125
01-Jan-2004,3104932.973999023,1285344.471191406,1684605.800537109,1626721.078796387,1100723.469177246,3354192.599365234,1731214.921569824,3717557.938476563,2526323.809570313
01-Feb-2004,3493222.970336914,1347228.462890625,2144451.764160156,1550671.327331543,1293297.133911133,3973458.603027344,1997877.606140137,4078322.981445313,2723498.567382813
01-Mar-2004,3758043.204223633,1261506.168457031,1837745.520019531,1502871.264862061,1050383.544616699,3555403.062133789,1731019.826538086,3895459.32421875,2648168.241699219
01-Apr-2004,2880079.377075195,1113152.709960938,1825537.674804688,1625192.391601563,975710.2906494141,3181638.179626465,1577172.567382813,3328534.925292969,2549107.123046875
01-May-2004,2803241.062194824,865042.7817382813,1975029.880371094,1668147.416351318,868025.2911376953,3412019.045410156,1642594.552139282,2978437.871582031,2618103.974609375
01-Jun-2004,3220421.797607422,686909.3798828125,1994037.472167969,1311112.012145996,848898.1825561523,3354797.888916016,1706431.102661133,3287228.883789063,2598869.156738281
01-Jul-2004,3135684.724609375,1278779.58984375,2178218.256835938,1400043.840759277,973190.338684082,3161349.826904297,1442480.565826416,3356288.746582031,2529672.274902344
01-Aug-2004,2701767.377807617,994284.416015625,1837758.762207031,1312702.342895508,1028228.958251953,3250197.361328125,1925377.964324951,3385058.790527344,2197052.411132813
01-Sep-2004,2433311.68359375,1079572.659667969,1995556.380859375,1248299.596679688,929125.6464233398,3241353.661987305,1556636.780883789,3107499.313476563,2139821.028320313
01-Oct-2004,2680857.31072998,1084641.062011719,1926603.735351563,1556288.989196777,1050882.026367188,2879847.914306641,1755725.609344482,3670173.312011719,2077216.58203125
01-Nov-2004,2529056.946105957,867717.7021484375,1833478.62109375,1410565.151641846,1058273.489929199,2406977.585083008,1386023.302856445,2849040.184082031,2090707.654296875
01-Dec-2004,2607268.246032715,798403.8159179688,1795764.519042969,1259629.558959961,704020.2694091797,2829644.228759766,1249007.842681885,2635689.506835938,2026425.415039063
01-Jan-2005,2523674.651977539,692127.5263671875,1418466.371948242,1277471.551818848,922132.7782592773,2642868.213256836,1473789.681518555,2911433.205566406,2281211.736816406
01-Feb-2005,2666214.124420166,1021136.088378906,1853924.070556641,1374334.044921875,1083285.706848145,3148182.302734375,1693413.129638672,2872168.188720703,2600226.011230469
01-Mar-2005,3159529.966552734,970199.79296875,2060146.410644531,1576162.166870117,1175775.629272461,3146077.188781738,1569565.297668457,3251061.411621094,2380285.491210938
01-Apr-2005,2806100.921447754,1039292.801757813,1795664.74987793,1383723.871032715,859604.7359619141,2666789.797363281,1398923.843139648,2847266.439941406,2337454.948242188
01-May-2005,2553057.237091064,922270.630859375,1330695.225585938,1558988.467224121,1087068.136291504,3033916.397094727,1359155.871520996,2743486.911621094,2217666.120117188
01-Jun-2005,2278943.901733398,1067383.5859375,1748492.753540039,1312409.016296387,1050291.67590332,2936827.203979492,1399745.580154419,2469389.757324219,2640333.541992188
01-Jul-2005,2986360.261901855,755998.521484375,1552270.802734375,1737082.043273926,1049988.459960938,2540387.261047363,1693174.388061523,2870384.618652344,2211122.795898438
01-Aug-2005,3030071.184814453,794091.88671875,2016321.342285156,1465493.031616211,1063201.041137695,3153321.776428223,1483237.849853516,2958514.422851563,2178575.526367188
01-Sep-2005,2660547.36328125,743300.48046875,1743697.549804688,1356716.123046875,920735.552734375,2779415.142333984,1597918.961425781,2631196.114257813,2055900.969238281
01-Oct-2005,3155390.082763672,932345.3793945313,1548682.086914063,1352592.725708008,876911.0288085938,3173482.75994873,1650495.125366211,2723399.973144531,2067165.314453125
01-Nov-2005,3092943.12109375,1330427.698730469,2044122.2421875,1528078.066040039,989256.4501953125,3252096.225952148,1863428.604553223,3692101.184082031,2628255.279785156
01-Dec-2005,3112079.755126953,862333.5009765625,2046814.71484375,1448303.514587402,1067715.679870605,3487739.755004883,1640685.698303223,3643756.780761719,2557211.221679688
01-Jan-2006,3052179.842956543,1055341.285644531,2348090.508789063,1764186.993286133,1084426.544036865,3530270.061950684,1892248.305603027,3746489.24609375,2552382.092285156
01-Feb-2006,3562730.605895996,1170030.433105469,2326446.758789063,1521004.178283691,1190215.402832031,3708900.699829102,2069323.563964844,3740705.421875,3006280.633789063
01-Mar-2006,3174780.033447266,1216743.043945313,2330509.940917969,1516903.2890625,1049511.982543945,3665481.584655762,2030548.041503906,4119553.250976563,3011035.483398438
01-Apr-2006,3127905.706970215,1114515.067382813,2093018.688964844,1659260.921142578,918089.5712890625,3347244.506713867,1777813.896240234,3387324.897460938,2193055.465820313
01-May-2006,2879345.720336914,1217516.398925781,2130508.5859375,1298034.342895508,1136235.436096191,3319158.455078125,1783117.999511719,2934021.420410156,2501966.833007813
01-Jun-2006,3003345.593200684,1004397.022949219,2004419.1171875,1536894.516113281,942088.7651367188,3148342.725097656,1614547.865356445,3155141.731933594,2479700.012695313
01-Jul-2006,3191203.038330078,1250318.543457031,1883467.824707031,1440539.905639648,1033661.318603516,3719316.817077637,1794214.950683594,3918410.962890625,2598369.177734375
01-Aug-2006,3352365.679199219,955269.9970703125,2084197.232421875,1339701.731689453,1058109.786010742,3610426.174316406,1829139.276306152,3624504.542480469,2459666.366699219
01-Sep-2006,3096401.765136719,957209.1782226563,2187678.5625,1742856.117858887,1193145.454345703,3476455.481689453,1786747.161987305,3468254.10546875,2624256.077148438
01-Oct-2006,3064458.975585938,952174.703125,1773489.706542969,1689478.50970459,1071286.37902832,3233148.368408203,1762582.376831055,3554213.96875,2492886.983398438
01-Nov-2006,3063632.567077637,1178747.340332031,2235961.375488281,1680530.747314453,1058264.932250977,3367265.32208252,2000830.891052246,3283993.145996094,2300318.228027344
01-Dec-2006,2880542.431518555,1095404.819335938,1940074.2890625,1512097.586975098,1126659.886474609,3614268.087524414,2010016.121826172,3358493.814941406,2607631.446777344
01-Jan-2007,3661581.314819336,1036158.631347656,2236391.479492188,1785011.909545898,1060922.18927002,3386052.046386719,1983123.312866211,3573937.038574219,2567982.3203125
01-Feb-2007,3494944.972595215,918989.6166992188,2569476.565429688,1774496.145874023,1169455.554199219,4161494.849365234,1767800.385986328,3767612.372070313,2761262.047851563
01-Mar-2007,3454565.072692871,1200272.43359375,1951301.90234375,1560296.265930176,1156114.36505127,3875824.771972656,2071075.669921875,3929902.594726563,3315771.416992188
01-Apr-2007,3203901.398742676,1014550.567871094,1956635.790039063,1563528.540771484,987244.7244873047,3589265.977966309,1867504.982421875,3575435.916503906,2537017.290039063
01-May-2007,3381849.862304688,969562.6982421875,2155318.529785156,1719691.887207031,1020884.645751953,3718973.704833984,1879451.42956543,3404462.939941406,2706201.481445313
01-Jun-2007,2814969.737792969,1280958.491699219,2147555.153808594,1557761.044006348,1098846.676269531,3714390.883666992,1703776.012573242,3594646.018066406,2542141.921875
01-Jul-2007,3144564.348022461,1163034.368652344,1931703.279785156,1907413.638366699,956165.5496826172,3200475.427368164,1973532.51159668,3268446.622070313,2607102.934570313
01-Aug-2007,2953076.84967041,1378255.181152344,1968061.956054688,1526058.073791504,1138739.026611328,3339822.315673828,1851704.585083008,3640624.954589844,2563221.96875
01-Sep-2007,2821877.075683594,1077802.733398438,2326546.448730469,1623509.923950195,925974.8387451172,3029993.913574219,1990189.721435547,3601694.097167969,2061958.333984375
01-Oct-2007,3013807.378845215,1059445.855957031,2180516.223632813,1863644.158630371,961001.3239746094,3302428.883483887,1828302.78503418,3605327.741699219,2155215.155273438
01-Nov-2007,3154693.969848633,945426.6137695313,2228416.1015625,1753219.801269531,1029652.109375,3239742.346801758,1743473.875244141,3455168.465820313,2192742.219726563
01-Dec-2007,3155377.499694824,1072474.490722656,2124757.598632813,1602015.341491699,868301.8071289063,3667328.588623047,1664752.795898438,3549832.065917969,2320632.157226563
01-Jan-2008,2962130.14050293,1156293.686523438,2175889.105957031,1898598.594909668,1023773.583129883,3489783.435913086,2010483.339355469,4129103.561035156,2908343.873046875
01-Feb-2008,3914869.352783203,1321716.861328125,2308498.087158203,1670085.959472656,1015318.23449707,4130847.591552734,1784561.766723633,3937644.777832031,2687059.9140625
01-Mar-2008,3513856.602050781,1369225.096679688,2423601.060546875,1825071.85736084,833862.6240234375,3868852.897033691,1916628.103759766,3808153.704589844,2906985.981445313
01-Apr-2008,3066217.716247559,1369415.869140625,2291716.959472656,1703006.002319336,1013082.310913086,3582571.378540039,2003949.513244629,3832123.811523438,2720469.461914063
01-May-2008,3429406.216674805,1175493.299804688,2150593.848632813,1860564.204101563,933685.7997436523,3566642.961242676,1991376.256835938,3830065.357910156,2397872.532226563
01-Jun-2008,3447941.434814453,961033.7958984375,2436775.995605469,1672618.020263672,1173098.458862305,3908343.241882324,1960074.249633789,3766181.647949219,2497675.80859375
01-Jul-2008,3156614.854370117,1146074.905761719,2380422.129882813,1751733.374755859,945015.4616699219,4051061.703735352,1867777.415893555,3640324.118652344,2276512.1640625
01-Aug-2008,3990973.47845459,1177483.453613281,2113523.279296875,1709345.067199707,1134690.108032227,3534903.354675293,1781448.784179688,3186675.379882813,2114373.728515625
01-Sep-2008,2784874.268066406,902854.5659179688,2316822.530273438,1769806.791015625,891855.6602172852,3413453.853881836,1851038.145385742,3937620.543945313,2581907.140625
01-Oct-2008,3015229.97668457,968530.1142578125,2490177.446289063,1485716.970397949,989328.3117675781,3592996.343383789,1644349.18371582,3539918.319824219,2629298.598632813
01-Nov-2008,3402762.42980957,1034237.631835938,2095259.590332031,1521944.16595459,787055.2532348633,3608355.679260254,1749638.763305664,3148708.071777344,2910645.397460938
01-Dec-2008,3122912.370361328,1181188.207519531,2254842.87109375,1718330.192749023,1031676.150268555,3711487.975708008,1736100.009155273,3555162.791992188,2802859.7578125
01-Jan-2009,3227561.332885742,1260218.189941406,2386416.610351563,1607923.583129883,969362.9141845703,3594731.320373535,2020331.133911133,3192055.112792969,2818056.30859375
01-Feb-2009,3485475.531616211,1145702.852539063,2552511.054199219,1701377.145874023,1058869.179077148,3840890.926940918,2054046.781738281,4259100.982421875,2831193.966796875
01-Mar-2009,3367065.756347656,1338120.41796875,2481250.047851563,1928561.54309082,1325415.280761719,3875181.004882813,1769266.112182617,4036947.833984375,2819189.094726563
01-Apr-2009,3125302.300292969,960460.6362304688,2440566.232421875,1668888.710449219,1067792.34362793,3549769.721435547,1895115.940917969,3168821.430175781,2772788.889648438
01-May-2009,3271201.205566406,989886.1303710938,2244383.525390625,1430017.884033203,902882.9831542969,3585455.729187012,1800163.610351563,3624451.950195313,2703718.926757813
01-Jun-2009,2954947.024963379,1018469.564941406,2343978.074707031,1538093.540649414,1262890.440551758,3949796.260375977,1876657.6328125,3589846.080566406,3009021.620605469
01-Jul-2009,3163671.85546875,999352.1196289063,2254428.481445313,1496181.945007324,820602.2962036133,3621089.978942871,1810374.18737793,3802545.178710938,3004789.704101563
01-Aug-2009,3176978.441894531,1096533.349609375,2576073.727539063,1731084.224914551,1156136.361816406,3709387.915283203,1942252.476013184,3446853.358398438,2480607.1953125
01-Sep-2009,2980625.644897461,1124676.974609375,2088915.671875,1461921.652099609,950128.4772949219,3176695.768859863,1779734.169677734,3422345.134277344,2320909.4765625
01-Oct-2009,2658256.673828125,965570.9189453125,2510414.487304688,1493880.561218262,1070911.526733398,3533114.598876953,1862835.465454102,3879904.96875,2079540.749023438
01-Nov-2009,3381787.525024414,804004.9985351563,2239202.427246094,1546317.063964844,1202418.003967285,3804498.543029785,1667605.860656738,3401001.108398438,2251059.2421875
01-Dec-2009,2989601.885742188,896786.048828125,2417437.867675781,1373827.725097656,999672.1271972656,3281877.75793457,1647254.038330078,2872172.801757813,2505816.202148438
01-Jan-2010,3264590.680786133,851568.4379882813,2040972.154785156,1417092.528991699,1062416.193725586,3557278.101196289,1857824.546630859,3698567.312988281,2340718.3984375
01-Feb-2010,3201948.161254883,1371216.481445313,2243172.515136719,1916417.840942383,981359.1362304688,3426097.456176758,1770894.442504883,3244872.15234375,2748510.551269531
01-Mar-2010,3431948.948852539,1040132.541992188,2465912.733398438,1557838.442810059,907504.1426391602,3805268.465820313,2034453.181396484,3796055.98828125,3349031.866699219
01-Apr-2010,2780653.499389648,1360916.007324219,2609559.736816406,1574183.172119141,983652.1380004883,4376443.360046387,1775365.734008789,4034172.608398438,2858139.909179688
01-May-2010,3124666.52923584,1087907.526367188,2606234.509765625,1464561.608398438,1002518.942565918,3523856.435913086,1818019.381469727,3096001.609375,2635643.9453125
01-Jun-2010,3014592.439208984,1097823.00390625,2563573.41015625,1403915.943054199,1045702.682495117,3301748.332519531,1913415.155273438,3176480.785644531,2477570.873046875
01-Jul-2010,3084340.173217773,996492.4946289063,2497244.816894531,1410340.192871094,1059161.705322266,4120101.554016113,1712820.629882813,3466860.578125,2289594.724609375
01-Aug-2010,3022312.784912109,995341.3896484375,2490081.276367188,1344136.631835938,975497.3244018555,3463187.879638672,1757406.617614746,3571628.400390625,2879523.83203125
01-Sep-2010,3172552.859863281,1208121.318847656,1963341.686035156,1437074.713745117,993667.7638549805,3121445.819763184,1848269.056884766,3448225.479980469,2130545.98046875
01-Oct-2010,2872527.477172852,888965.9873046875,2190531.585449219,1603528.310974121,961523.9265136719,3399963.035095215,1535038.804321289,3061460.212402344,2483489.561523438
01-Nov-2010,2977517.189331055,1193520.459472656,2130824.96875,1592320.275878906,842910.1048583984,2973906.382202148,1763881.518188477,3732406.877441406,2652840.879882813
01-Dec-2010,2466922.512145996,1006849.263671875,2561294.978027344,1645824.335754395,912960.634765625,2794172.390014648,1639218.595458984,3210589.6640625,2621984.425292969
01-Jan-2011,2753309.425415039,1119364.833496094,2029771.125,1478548.619750977,1091888.424804688,3633981.208740234,1833645.997070313,3285335.360839844,2755672.772460938
01-Feb-2011,3548629.193725586,1499144.016113281,2637753.145019531,1463353.758056641,1102378.645385742,3733111.072753906,2033563.17980957,4067805.283203125,2650381.223632813
01-Mar-2011,3542890.205444336,1247477.993652344,2703833.338867188,1439055.744873047,1067732.831848145,3939237.698913574,2099904.939697266,3495934.524902344,2535986.172851563
01-Apr-2011,3469329.139282227,1100384.501464844,2487312.844726563,1429753.505737305,943924.2674560547,3905151.49822998,1693082.829711914,3217728.014160156,2786087.817382813
01-May-2011,2937977.516845703,996086.3598632813,2266650.271972656,1399829.163024902,932839.3461914063,3793643.886413574,1604227.104248047,3555273.975585938,2261362.05859375
01-Jun-2011,2827029.859741211,1102287.653320313,2187562.819335938,1581647.807373047,1081001.466064453,3423378.819274902,1481250.50970459,3161466.357910156,2308863.723632813
01-Jul-2011,2852417.414428711,901209.7817382813,2109958.283203125,1477952.879516602,886418.0927734375,2857800.288696289,1601308.443115234,3415950.984863281,2418516.58984375
01-Aug-2011,2377969.417602539,941082.6918945313,2099904.512695313,1329871.96875,988202.7191162109,3321516.725585938,1442571.949768066,3267096.216796875,2371698.19140625
01-Sep-2011,2767906.794433594,941257.333984375,1951126.997070313,1311458.880126953,799959.5340576172,3169995.348754883,1521646.679199219,2962846.841796875,2518871.416992188
01-Oct-2011,3091555.554931641,1348079.681152344,2565653.144042969,1400916.017822266,1119522.87487793,3323058.624145508,1656448.070922852,2929258.253417969,2286557.040039063
01-Nov-2011,2938159.806884766,1144484.55859375,2348002.810546875,1354692.355102539,933795.6945800781,3344751.085571289,1575829.394592285,2988123.712402344,2299146.807617188
01-Dec-2011,3493327.460083008,1144957.46875,2263776.747070313,1190809.587280273,1009710.876098633,3044926.960144043,1733615.11730957,3304720.544433594,2463740.20703125
01-Jan-2012,2913537.944458008,923582.8725585938,2272378.504882813,1317962.047485352,888280.0625,3311704.442810059,1631268.078735352,3549468.622070313,2095392.372070313
01-Feb-2012,3100404.235839844,1025117.740722656,2131638.487304688,1591866.616088867,1034482.477905273,4038744.563354492,1748872.495483398,3347055.201171875,2382677.671875
01-Mar-2012,3344937.069213867,1388016.441894531,2315835.959472656,1580160.584106445,1082332.024047852,3645545.327636719,1968516.24407959,3635700.998046875,2828393.458007813
01-Apr-2012,3174761.129882813,1268858.289550781,2662873.393554688,1207855.853149414,923753.0358886719,4173349.249572754,1729319.608764648,3256789.3671875,2514523.9296875
01-May-2012,2706265.678955078,1024305.764648438,2481334.657714844,1366961.446533203,1159880.681640625,3355703.70904541,1930771.483764648,3343001.063476563,2277862.166015625
01-Jun-2012,2972379.251342773,1220039.375976563,2751793.858886719,1380930.449035645,849433.4594116211,2996222.896484375,1725189.27911377,2833557.937011719,2309763.344726563
01-Jul-2012,2974306.660400391,1030597.854980469,2221772.958984375,1410267.859191895,726972.7340087891,3484911.19543457,1606798.497802734,3289819.1484375,2365894.072265625
01-Aug-2012,3032184.338989258,1038199.631347656,2036668.520996094,1465148.307800293,924869.1958007813,3435041.498046875,1773481.640319824,3101375.965332031,2194680.89453125
01-Sep-2012,3346033.863647461,1074569.331054688,2152004.315917969,1438620.946166992,948679.9461669922,3288407.455078125,1724111.394226074,3253709.681152344,2398273.618164063
01-Oct-2012,3040449.991577148,961465.7333984375,2047176.318359375,1272302.315917969,848272.4439697266,3425220.329956055,1676447.417724609,3340057.031738281,2345021.452148438
01-Nov-2012,2983716.886474609,1135520.315429688,2056337.55859375,1207783.288452148,852159.6864013672,2878467.073608398,1661949.274536133,3406300.932128906,2279729.154296875
01-Dec-2012,3002266.056030273,1036983,2439216.087402344,1355463.543579102,971321.9381103516,3240702.646728516,1747595.778442383,2761596.9140625,2217116.688476563
01-Jan-2013,2805135.749389648,828427.8198242188,2296630.592773438,1363138.884399414,885459.5147094727,3253963.813049316,1929591.408691406,3138794.061035156,2593619.340820313
01-Feb-2013,3458218.975341797,1849066.090820313,2601805.099609375,1523679.19720459,924295.2751464844,3632521.145263672,1915004.212646484,3667326.313964844,2484838.780273438
01-Mar-2013,3410289.379882813,1421814.39453125,2410871.122070313,1313416.041992188,1163344.659301758,4204385.233642578,1945016.513427734,3384353.294921875,2595044.248046875
01-Apr-2013,3867026.224975586,922103.5493164063,2541099.913574219,1517802.754394531,854262.7116699219,3426795.323974609,1838559.768676758,2962158.999023438,2620024.041992188
01-May-2013,3290799.39855957,996861.4541015625,2214456.036132813,1451987.588989258,1037424.630737305,3788124.380187988,1907819.768676758,3490918.665039063,2138084.830078125
01-Jun-2013,3421966.377441406,1045859.457519531,1946345.118652344,1358828.256958008,951410.6549072266,3560834.47454834,1944166.258422852,3259413.900390625,2376991.045898438
01-Jul-2013,2788025.942382813,1403318.584472656,2268543.801757813,1435279.672851563,817233.1390380859,2837282.361816406,1759787.297973633,3431376.17578125,2162463.924804688
01-Aug-2013,2748717.573608398,1141381.438964844,2446622.231933594,1432498.374389648,902280.5238037109,3152406.920837402,1747480.318847656,3015407.7421875,2155469.134765625
01-Sep-2013,2833429.741088867,1236014.236816406,2540977.061035156,1371910.913452148,951892.2108154297,3370241.553955078,1817205.504516602,2977867.930175781,2141711.837890625
01-Oct-2013,3036434.534545898,1171548.057128906,2253830.504394531,1362751.589599609,897646.2982177734,2847449.190307617,1750163.560791016,3126705.650878906,2405137.076171875
01-Nov-2013,3026955.727294922,1186342.054199219,2314674.818359375,1108380.959594727,792784.8255615234,3291798.713256836,1318877.057861328,2913348.444335938,2135997.303710938
01-Dec-2013,2935001.820068359,889714.9448242188,2493111.433105469,1471951.732055664,892567.9503173828,3491165.962524414,1667865.862426758,3059425.526367188,2183610.022460938
01-Jan-2014,3510686.740844727,913016.404296875,2329813.577148438,1414482.008544922,912205.1429443359,3258421.571228027,1685293.040649414,2981934.672851563,2383861.3828125
01-Feb-2014,3787813.55847168,1095060.506347656,2569957.62890625,1565832.572021484,1219652.128540039,3679174.709838867,1924938.900634766,3472976.91015625,2673515.04296875
01-Mar-2014,3162537.430297852,880674.3388671875,2568385.463378906,1599918.475830078,1224955.308227539,3714091.752807617,1718200.099243164,3715631.021484375,2748874.032226563
01-Apr-2014,2606552.778076172,1004882.922363281,2693721.735839844,1436893.693359375,757425.0191650391,3438104.595092773,1760770.32824707,3430646.859375,2485152.372070313
01-May-2014,2614824.541748047,1248176.795410156,2180221.009277344,1487246.920166016,858928.5692138672,3671953.097900391,1727762.780639648,3246860.222167969,2505434.65234375
01-Jun-2014,3061765.703369141,960059.1909179688,2360574.024414063,1282872.280273438,870807.4586181641,3067525.785888672,1815818.26940918,3171318.667480469,2244846.2109375
01-Jul-2014,3497978.720092773,941724.7602539063,2325374.390625,1167320.733093262,925009.8455810547,2971134.364624023,1657941.314453125,3015727.904785156,2347891.354492188
01-Aug-2014,3111548.099609375,1111160.065429688,2289649.827148438,1494457.4296875,658420.4353027344,3231324.369262695,1607458.63458252,2851695.926757813,2249918.4296875
01-Sep-2014,2530938.902954102,795409.6162109375,2058186.603515625,1314679.749389648,809368.8792724609,2764024.682128906,1692032.525634766,3194757.58984375,1980848.018554688
01-Oct-2014,2958874.309936523,849671.8549804688,2297020.161132813,1178574.558227539,888140.9514160156,2912795.735107422,1463963.492736816,2890916.047851563,2014316.237792969
01-Nov-2014,2704311.227905273,566878.0463867188,1508354.084472656,1085241.550842285,834496.8583984375,2220461.96484375,1317818.905761719,2433626.67565918,2058877.494140625
01-Dec-2014,2161134.077026367,642971.3041992188,1762965.665039063,954397.3326416016,942734.3321533203,2671099.932983398,1146548.496337891,2519442.634399414,2287152.695556641
01-Jan-2015,2535006.348144531,777174.2626953125,1437028.671264648,1055117.327819824,801303.8392333984,2838159.698364258,1179530.693847656,2423778.524658203,1903716.669921875
01-Feb-2015,2875637.755371094,669206.5756835938,1895707.659667969,1188294.412597656,903036.9508666992,2817514.569335938,1361800.684967041,3188489.471435547,2254380.466064453
01-Mar-2015,2911623.990112305,989669.4643554688,1498829.044433594,1240001.31652832,1111646.377929688,3217212.196044922,1244494.864440918,2890441.992675781,2545999.004882813
01-Apr-2015,2816398.625854492,663740.9506835938,1712718.872558594,1125169.704956055,707029.0084228516,2803377.349121094,888223.8579406738,2279323.748046875,2034331.171142578
01-May-2015,2916675.651611328,640088.5625,1456893.675292969,1232531.706787109,1003604.939331055,2515023.162109375,1465425.40246582,2602780.291381836,1973965.03515625
01-Jun-2015,2693206.889770508,594711.728515625,1498706.505371094,1050964.491638184,971719.8907470703,2625347.936645508,1095848.987060547,2323038.547485352,2131370.715087891
01-Jul-2015,2299542.481933594,528257.0183105469,1721851.461669922,884941.5233764648,723870.0313720703,2402600.919494629,1144046.418701172,2432980.799804688,2132805.631835938
01-Aug-2015,2700764.889892578,623031.0268554688,1594732.439208984,1044139.826843262,882262.6203613281,3140260.100585938,1188051.657287598,2752579.931640625,1771749.686523438
01-Sep-2015,2515663.069580078,697280.5895996094,1563756.773925781,1048472.34375,966334.3211669922,2544317.031982422,1043747.580200195,2167201.828613281,2144109.553710938
01-Oct-2015,2581311.270629883,718572.5690917969,1825666.587646484,1326247.072998047,748178.1959228516,2224429.969116211,1301530.775878906,2645283.901855469,2044243.033203125
01-Nov-2015,3001839.517333984,844883.2734375,1957494.173828125,1578301.556396484,640170.5264892578,2723043.949645996,1494842.212036133,3206183.161132813,2305678.705078125
01-Dec-2015,3239217.159790039,794507.6694335938,1819450.434082031,1484132.409057617,952683.8892211914,3464580.451782227,1721165.060424805,3147577.232421875,2213638.802734375
01-Jan-2016,3257718.583374023,1062165.524902344,1913383.243652344,1396120.579589844,897910.3334960938,2932936.273010254,1649104.185424805,3134280.225585938,2346020.908203125
01-Feb-2016,3297581.667236328,951282.0073242188,2111149.058349609,1441722.939086914,942870.349609375,3194598.41027832,1292540.651123047,3015624.637695313,2735694.066894531
01-Mar-2016,3131694.415649414,1117837.455078125,2195906.250976563,1728818.326049805,853815.5146484375,2946605.705444336,1664022.496826172,3093237.21484375,2586660.87890625
01-Apr-2016,2942416.154418945,816371.5593261719,2214338.865966797,1624071.955871582,920398.7233886719,3504791.614013672,1624218.191162109,3621442.56640625,2193005.690429688
01-May-2016,3085218.534912109,829895.7202148438,1905527.155761719,1295659.899047852,751175.5357666016,3287512.021789551,1466534.408935547,2967926.150390625,2405044.58984375
01-Jun-2016,2747264.800415039,876648.2990722656,1557717.68359375,1282564.57421875,827155.9820556641,2972319.761047363,1262316.139099121,3112269.243164063,2479987
01-Jul-2016,2641731.103881836,803171.8256835938,2032275.151367188,1171278.11706543,710734.3848876953,2568454.978637695,995579.8278808594,3096010.125,2152221.395507813
01-Aug-2016,2579013.526489258,705068.4748535156,1809684.275878906,1391952.148681641,820374.3377685547,3103864.778259277,1512476.652954102,2864587.357421875,2250000.486328125
01-Sep-2016,2692400.810302734,842675.0051269531,1748542.310546875,1399140.298095703,741334.7485351563,2880298.406799316,1529867.056152344,2838148.30859375,2029304.935546875
01-Oct-2016,3219076.482177734,715657.580078125,1897811.517089844,1527759.686645508,1067605.143432617,2926572.279663086,1110136.799438477,3655883.900390625,2257284.5234375
01-Nov-2016,2694182.592407227,759454.1928710938,1883197.870117188,1371571.657287598,781666.2767333984,3038200.287109375,1627154.156616211,3025657.924804688,2353232.732421875
01-Dec-2016,2888270.953125,945726.7058105469,1926402.843017578,1538987.161743164,801429.8273925781,2915712.150695801,1622535.802246094,3103208.66796875,2351599.125
01-Jan-2017,3329363.030151367,908349.361328125,1611811.603515625,1308611.928955078,969864.7298583984,3208573.492248535,1383589.862915039,3431402.340820313,2418854.815429688
01-Feb-2017,3341880.291870117,1044583.608398438,2051578.809082031,1546928.667358398,784940.4422607422,3534079.364501953,1963612.343505859,3803746.05859375,2489361.817382813
01-Mar-2017,3340383.564941406,1043800.899902344,2005775.575683594,1453988.240722656,756908.9901123047,3435199.862609863,1792035.734008789,3446966.310546875,2616226.795898438
01-Apr-2017,2984984.506103516,1092487.349609375,1953519.83203125,1628847.519775391,863900.3864746094,3131984.924621582,1839201.667236328,3356466.677734375,2165011.17578125
01-May-2017,2974725.301757813,978251.3527832031,1952202.322998047,1540604.301391602,1045606.691772461,2929982.711181641,1307158.041870117,3285203.421386719,2220120.043945313
01-Jun-2017,3218148.571777344,821270.0993652344,1830702.487304688,1388726.697814941,1023919.433959961,3078005.29486084,1638488.410522461,2908620.583007813,2293862.388671875
01-Jul-2017,2687256.057861328,862251.1081542969,2005105.770263672,1443666.801574707,808999.0936279297,3119785.883178711,1274485.455322266,2944738.499023438,2154402.5625
01-Aug-2017,3549866.328613281,1208667.287597656,2452167.954345703,1573540.165893555,881303.5159912109,2468548.303527832,1259593.34387207,3272055.961914063,2186617.595703125
01-Sep-2017,3055361.353881836,977403.4519042969,1928348.619628906,1693261.933837891,802417.6376953125,3101020.296447754,1349873.003173828,3428968.09765625,2130147.256835938
01-Oct-2017,2766492.266967773,912542.3718261719,2062661.323974609,1515313.209350586,878627.7216796875,3145054.373474121,1526685.375854492,3494000.509277344,2473853.198242188
01-Nov-2017,3067006.342895508,843757.6245117188,1868426.010742188,1369305.073852539,834750.8510742188,2815993.11151123,1642326.674682617,3283085.982421875,2256081.904296875
01-Dec-2017,2918546.200805664,896697.9133300781,2102263.014160156,1540201.11505127,835593.1484375,3269605.865661621,1609095.676635742,3049952.841796875,2165571.581054688
01-Jan-2018,3030876.603637695,707396.17578125,1957414.799072266,1432348.756225586,1060810.35534668,3096769.887268066,1612521.363647461,3219809.92578125,2095741.313476563
01-Feb-2018,3667822.300048828,1248857.475585938,1948351.836669922,1664801.751342773,1098327.300415039,3660139.667297363,1749236.720458984,3596036.069335938,2119511.481445313
01-Mar-2018,3598976.32800293,1111592.625976563,2037119.827880859,1886085.380249023,1045336.91015625,3754416.768371582,1701053.825683594,3375484.871582031,2487286.986328125
01-Apr-2018,2818929.051147461,873532.2885742188,2415080.387207031,1695220.700805664,921536.3217773438,3316912.012573242,1520350.66394043,3323841.861328125,2320055.783203125
01-May-2018,3289914.387451172,1100930.166748047,2134297.911132813,1371438.03729248,953146.5627441406,3474107.026123047,1694343.255859375,3202474.987304688,2042326.705078125
01-Jun-2018,3409036.418334961,893341.3474121094,2393877.881103516,1442482.971923828,978520.8848876953,3154719.364990234,1547177.659057617,3131314.876953125,2144601.033203125
01-Jul-2018,2846674.530151367,971391.8901367188,2047465.416015625,1265529.481750488,869035.6770019531,2853989.302062988,1939361.164916992,2969516.416992188,2174223.541015625
01-Aug-2018,3023120.495483398,945609.5751953125,1847720.581542969,1387436.843994141,826833.1809082031,2706169.041748047,1436413.974365234,3720427.997070313,2191223.633789063
01-Sep-2018,2301144.204589844,1132697.808105469,2303060.298095703,1438424.807006836,885704.8841552734,2952169.345092773,1523218.130615234,2789683.5,2108446.903320313
01-Oct-2018,2922092.650512695,1087049.614746094,2349306.146972656,1473072.463928223,843964.8731689453,2814735.703369141,1491723.373168945,3017601.172851563,1930786.52734375
01-Nov-2018,2519068.332641602,917480.8232421875,2144973.723144531,1346281.07800293,802551.9783935547,2887581.190979004,1552447.030639648,3447245.37109375,1720727.966796875
01-Dec-2018,2610718.945556641,775677.2700195313,1996524.150390625,1688279.442749023,1082709.505615234,2946279.515686035,1681245.413574219,3392804.741210938,1907254.817382813
01-Jan-2019,2594667.590332031,1027859.887451172,2106960.575195313,1451105.025634766,877943.4565429688,3117133.654541016,1608318.627685547,3259708.150390625,2099774.8984375
01-Feb-2019,3422209.988647461,1235253.771972656,2368856.722167969,1600463.484741211,1100886.707397461,3062687.490844727,1657541.97277832,3728365.540039063,2067318.754882813
01-Mar-2019,3419893.121948242,1149934.298828125,2413439.951660156,1593042.021850586,856500.3038330078,3420484.535888672,1684265.149047852,3602983.203125,2627986.397460938
01-Apr-2019,3315870.132446289,977146.0354003906,2179758.584472656,1374351.363098145,860759.5947265625,3285247.581176758,1732789.819580078,3647490.827148438,2171662.364257813
01-May-2019,3105514.2265625,1102784.410888672,2592182.529785156,1335741.353759766,975163.7017822266,3169450.840881348,1607060.58190918,3565478.051757813,1860125.247070313
01-Jun-2019,3090024.715209961,1052364.618164063,2205500.556396484,1347831.839477539,947582.4660644531,2982123.897949219,1561293.536987305,3635505.818359375,1711624.46484375
01-Jul-2019,3116277.059570313,1134311.004394531,2351779.950683594,1538341.1875,652514.8032226563,3651124.053466797,1682808.57019043,3397948.939453125,2767794.631835938
01-Aug-2019,2625207.52722168,932128.7878417969,1795411.681640625,1645677.927612305,945739.4036865234,3536716.181030273,1340876.912841797,2903759.85546875,1658114.922851563
01-Sep-2019,2798162.023193359,1018191.099121094,1910174.667724609,1662871.15045166,772196.5714111328,3134758.690185547,1796812.733398438,2924443.47265625,2014989.571289063
01-Oct-2019,3029941.928344727,708917.953125,1924384.221923828,1459605.619995117,933847.0856933594,3090230.98828125,1906363.586425781,3024016.784179688,2272370.360351563
01-Nov-2019,2890915.044433594,1149160.225097656,1973108.468261719,1299185.999633789,956330.7861328125,3311366.753295898,1673934.516967773,2994598.966796875,2414404.859375
01-Dec-2019,3106912.074462891,922572.99609375,2030380.65625,1524331.733520508,1149573.448120117,3564956.606323242,1660035.279541016,3363249.576171875,2237420.850585938
01-Jan-2020,3237008.082763672,932533.1140136719,2181872.452636719,1448139.274658203,894704.4631347656,3248306.97644043,1484906.851196289,2829642.11328125,2083011.122070313
01-Feb-2020,3163801.688964844,1124052.779052734,1976690.96484375,1789888.594299316,870328.6260986328,3222868.880004883,1681753.576171875,3032735.469726563,2513191.118164063
01-Mar-2020,3417907.916625977,1250675.416992188,2151976.794921875,1518593.310180664,997776.2203369141,4023943.897705078,1550978.591308594,3813115.646484375,2311476.452148438
01-Apr-2020,2294065.927612305,919351.947265625,1601817.528320313,1741586.389953613,802584.7143554688,2791038.011657715,1465165.247192383,2874834.830078125,2060057.78515625
01-May-2020,2865770.730712891,985426.1604003906,1790767.155273438,1355115.528564453,778750.55078125,2584901.445678711,1334946.250854492,2712506.267578125,2070013.749023438
01-Jun-2020,2947505.355224609,882475.8608398438,2039256.604980469,1357952.294433594,742605.9302978516,3114531.124511719,1424090.779663086,2799336.545898438,2241925.034179688
01-Jul-2020,2950882.858764648,1124444.971191406,1847113.405273438,1568551.325317383,912758.44140625,2859019.941894531,1646460.681884766,3253998.006835938,1665727.71484375
01-Aug-2020,2931201.419555664,919829.6845703125,2312917.495605469,1509276.45715332,791670.4058837891,2962051.677734375,1715255.538208008,3744629.518554688,1946626.120117188
01-Sep-2020,2502054.209838867,799798.2822265625,1901900.362304688,1507128.320861816,940839.2301025391,2508585.477172852,1596951.271240234,2731826.897460938,1716492.823242188
01-Oct-2020,2507663.678344727,864012.8720703125,1747361.063476563,1552661.261962891,980399.439453125,2574717.592834473,1824195.895019531,3374896.595703125,2195367.12109375
01-Nov-2020,2899624.810913086,779335.353515625,1962549.483398438,1442881.905883789,801715.5112304688,2942586.675415039,1502377.653564453,2861143.453125,1878930.362304688
01-Dec-2020,2875871.042602539,828003.8422851563,2136907.603515625,1644775.938598633,765883.1639404297,2650789.633178711,1585331.349487305,3266302.25390625,2218010.106445313
01-Jan-2021,2918299.78918457,976527.6906738281,2072596.690917969,1417924.01953125,756607.3282470703,2677298.659423828,1816410.352172852,3685826.873046875,2202484.950195313
01-Feb-2021,3143246.917236328,1210138.690429688,2354330.710693359,1738096.34387207,868752.79296875,3486865.451660156,1555409.922363281,4103000.572265625,2472458.8828125
01-Mar-2021,2952040.554931641,917752.1081542969,2197427.031005859,1434116.921142578,997646.8948974609,3485764.743041992,1533578.461303711,3179669.48046875,1998687.650390625
01-Apr-2021,2776138.568725586,820487.5844726563,2384561.881835938,1487817.633972168,803035.6585693359,2476924.497741699,1283261.678100586,3060087.586914063,1781236.434570313
01-May-2021,2498685.412231445,877371.05859375,1568913.786621094,1307906.232177734,730684.0887451172,2659562.248352051,1472903.237304688,2701983.522460938,1667706.520507813
01-Jun-2021,2395414.085693359,750811.3786621094,1465023.2265625,1171999.821166992,825634.6245117188,2478934.997436523,1441914.49609375,2373882.35546875,1961103.834960938
01-Jul-2021,2436130.872802734,609043.4252929688,1147708.61328125,1358107.934020996,756236.9339599609,2059080.565673828,1271765.760986328,2651080.849609375,1727792.196289063
01-Aug-2021,2406091.655273438,822900.2373046875,1282656.895507813,1267514.718261719,701442.0319824219,2374655.231933594,1613384.525268555,2537200.411132813,1552987.428710938
01-Sep-2021,2653530.708251953,970471.6171875,1589481.479492188,1323810.217285156,742206.1129150391,2487183.225585938,1566123.406982422,3052561.573242188,1871577.693359375
01-Oct-2021,3199543.804931641,876212.0615234375,2097522.380859375,1477214.682617188,781076.1096191406,2572168.632324219,1500192.835693359,2827005.4140625,1820918.462890625
01-Nov-2021,2733223.803955078,1062047.594726563,2333256.650390625,1555984.623657227,826678.5578613281,2780030.153808594,1858221.955566406,3407737.8515625,1783531.880859375
01-Dec-2021,2054107.139404297,863791.1665039063,1995908.084472656,1301717.138427734,940204.6879882813,2491093.034301758,1838226.881225586,3045624.109375,1794895.34375
01-Jan-2022,2555318.245117188,1023921.570068359,1874186.231445313,1253821.824951172,738776.3254394531,2809341.106323242,1305253.904174805,3402379.017578125,2028626.8828125
01-Feb-2022,2937810.416503906,1168430.576171875,2377548.854003906,1465285.489013672,971820.7365722656,3169288.030029297,1725411.936157227,3286357.383789063,1977676.205078125
01-Mar-2022,2400717.139770508,1035280.007324219,2569417.454589844,1720491.898925781,822422.669921875,3116179.307739258,1779875.010498047,3959450.774414063,1996809.85546875
01-Apr-2022,3037945.538330078,882983.6010742188,2117707.1640625,1321079.705688477,906269.3002929688,3074492.170532227,1431794.645263672,3180344.404296875,2373399.564453125
01-May-2022,3016204.779663086,1109122.009765625,1842959.334472656,1561569.838256836,606500.646484375,2633666.254272461,1787724.877441406,2567193.100585938,1862700.985351563
01-Jun-2022,3391908.688232422,938730.236328125,1605120.618652344,1553035.465942383,926944.6479492188,2503276.891601563,1833508.78125,2629727.438476563,1923875.388671875
01-Jul-2022,2406772.023193359,911740.7885742188,1999180.464355469,1765195.733276367,648863.919921875,2650052.082885742,1698500.852294922,3226170.602539063,1789371.064453125
01-Aug-2022,2723236.605957031,969101.3798828125,2301683.779785156,1672009.739013672,702988.6384277344,2351311.130249023,1715296.217529297,2848827.340820313,1760006.0390625
01-Sep-2022,2628003.737792969,1054372.630859375,2016178.14453125,1214728.849609375,745287.6394042969,2712435.971801758,1619289.641601563,3019459.513671875,1473578.478515625
01-Oct-2022,2477454.924926758,962152.9858398438,2043224.101074219,1582048.732421875,893406.6906738281,2542825.720581055,1414478.416259766,3032913.018554688,2571970.825195313
01-Nov-2022,2563418.465087891,1047050.018066406,2249625.172363281,1592600.94140625,718787.4210205078,2662634.931640625,1597595.137329102,2996978.997070313,1919600.743164063
01-Dec-2022,3279495.784667969,1270607.535644531,1816842.519042969,1465272.653564453,825825.3883056641,2481426.699951172,1417161.33605957,3315649.967773438,1605356.296875
01-Jan-2023,2856254.691650391,834811.4025878906,2371981.836425781,1284720.723510742,1040600.966552734,3184095.756347656,1564957.207641602,3175324.26953125,2040154.245117188
01-Feb-2023,3085316.794799805,1166862.234375,2278452.498535156,1897628.599487305,935340.2672119141,3058985.183227539,1820692.843261719,3789615.206054688,2031506.25390625
01-Mar-2023,3636072.24230957,1343723.042236328,2260708.918945313,1630969.569458008,652013.7899169922,3064616.230834961,1608979.079223633,3831374.193359375,2291184.625976563
01-Apr-2023,3191234.796630859,1071459.707519531,2456672.934082031,1706230.397338867,852695.5135498047,3029090.065185547,1651912.920654297,3507471.227539063,1911288.421875
01-May-2023,3221159.335205078,1070119.551757813,2020275.196777344,1444275.986572266,819254.1170654297,3418627.521728516,1875171.471313477,3415397.72265625,2208194.325195313
01-Jun-2023,2426985.164428711,1013024.771972656,2716766.395996094,1640828.905395508,843797.4210205078,2784891.682739258,1948725.968383789,3479266.059570313,1872445.211914063
01-Jul-2023,2915944.118164063,1072959.362060547,1918530.670410156,1486131.485229492,949668.8303222656,3275308.744750977,1871644.227783203,3295180.200195313,2266892.454101563
01-Aug-2023,2668037.934692383,977598.4858398438,2440237.550292969,1540787.036621094,927415.7225341797,2797654.553344727,1738572.839477539,3270959.97265625,2442607.255859375
01-Sep-2023,2764834.739379883,881165.5278320313,1672883.328613281,1604921.179443359,952059.1291503906,3172968.197753906,1462696.725952148,3422965.184570313,2290729.05078125
